DATAFLOW,LAST UPDATE,freq,nrg_bal,siec,unit,geo,TIME_PERIOD,OBS_VALUE,OBS_FLAG,CONF_STATUS
ESTAT:NRG_CB_OILM(1.0),27/02/26 23:00:00,Monthly,Imports,Kerosene-type jet fuel (excluding biofuel portion),Thousand tonnes,Albania,2024-12,12.329,,
ESTAT:NRG_CB_OILM(1.0),27/02/26 23:00:00,Monthly,Imports,Kerosene-type jet fuel (excluding biofuel portion),Thousand tonnes,Albania,2025-01,9.694,,
ESTAT:NRG_CB_OILM(1.0),27/02/26 23:00:00,Monthly,Imports,Kerosene-type jet fuel (excluding biofuel portion),Thousand tonnes,Albania,2025-02,12.610,,
ESTAT:NRG_CB_OILM(1.0),27/02/26 23:00:00,Monthly,Imports,Kerosene-type jet fuel (excluding biofuel portion),Thousand tonnes,Albania,2025-03,12.765,,
ESTAT:NRG_CB_OILM(1.0),27/02/26 23:00:00,Monthly,Imports,Kerosene-type jet fuel (excluding biofuel portion),Thousand tonnes,Albania,2025-04,10.650,,
ESTAT:NRG_CB_OILM(1.0),27/02/26 23:00:00,Monthly,Imports,Kerosene-type jet fuel (excluding biofuel portion),Thousand tonnes,Albania,2025-05,8.614,,
ESTAT:NRG_CB_OILM(1.0),27/02/26 23:00:00,Monthly,Imports,Kerosene-type jet fuel (excluding biofuel portion),Thousand tonnes,Albania,2025-06,8.818,,
ESTAT:NRG_CB_OILM(1.0),27/02/26 23:00:00,Monthly,Imports,Kerosene-type jet fuel (excluding biofuel portion),Thousand tonnes,Albania,2025-07,22.306,,
ESTAT:NRG_CB_OILM(1.0),27/02/26 23:00:00,Monthly,Imports,Kerosene-type jet fuel (excluding biofuel portion),Thousand tonnes,Albania,2025-08,14.717,,
ESTAT:NRG_CB_OILM(1.0),27/02/26 23:00:00,Monthly,Imports,Kerosene-type jet fuel (excluding biofuel portion),Thousand tonnes,Albania,2025-09,8.737,,
ESTAT:NRG_CB_OILM(1.0),27/02/26 23:00:00,Monthly,Imports,Kerosene-type jet fuel (excluding biofuel portion),Thousand tonnes,Albania,2025-10,19.040,,
ESTAT:NRG_CB_OILM(1.0),27/02/26 23:00:00,Monthly,Imports,Kerosene-type jet fuel (excluding biofuel portion),Thousand tonnes,Albania,2025-11,12.702,,
ESTAT:NRG_CB_OILM(1.0),27/02/26 23:00:00,Monthly,Imports,Kerosene-type jet fuel (excluding biofuel portion),Thousand tonnes,Austria,2024-12,4.239,,
ESTAT:NRG_CB_OILM(1.0),27/02/26 23:00:00,Monthly,Imports,Kerosene-type jet fuel (excluding biofuel portion),Thousand tonnes,Austria,2025-01,8.120,,
ESTAT:NRG_CB_OILM(1.0),27/02/26 23:00:00,Monthly,Imports,Kerosene-type jet fuel (excluding biofuel portion),Thousand tonnes,Austria,2025-02,8.438,,
ESTAT:NRG_CB_OILM(1.0),27/02/26 23:00:00,Monthly,Imports,Kerosene-type jet fuel (excluding biofuel portion),Thousand tonnes,Austria,2025-03,7.590,,
ESTAT:NRG_CB_OILM(1.0),27/02/26 23:00:00,Monthly,Imports,Kerosene-type jet fuel (excluding biofuel portion),Thousand tonnes,Austria,2025-04,5.844,,
ESTAT:NRG_CB_OILM(1.0),27/02/26 23:00:00,Monthly,Imports,Kerosene-type jet fuel (excluding biofuel portion),Thousand tonnes,Austria,2025-05,4.258,,
ESTAT:NRG_CB_OILM(1.0),27/02/26 23:00:00,Monthly,Imports,Kerosene-type jet fuel (excluding biofuel portion),Thousand tonnes,Austria,2025-06,7.830,,
ESTAT:NRG_CB_OILM(1.0),27/02/26 23:00:00,Monthly,Imports,Kerosene-type jet fuel (excluding biofuel portion),Thousand tonnes,Austria,2025-07,7.116,,
ESTAT:NRG_CB_OILM(1.0),27/02/26 23:00:00,Monthly,Imports,Kerosene-type jet fuel (excluding biofuel portion),Thousand tonnes,Austria,2025-08,6.572,,
ESTAT:NRG_CB_OILM(1.0),27/02/26 23:00:00,Monthly,Imports,Kerosene-type jet fuel (excluding biofuel portion),Thousand tonnes,Austria,2025-09,7.751,,
ESTAT:NRG_CB_OILM(1.0),27/02/26 23:00:00,Monthly,Imports,Kerosene-type jet fuel (excluding biofuel portion),Thousand tonnes,Austria,2025-10,14.253,,
ESTAT:NRG_CB_OILM(1.0),27/02/26 23:00:00,Monthly,Imports,Kerosene-type jet fuel (excluding biofuel portion),Thousand tonnes,Austria,2025-11,14.862,,
ESTAT:NRG_CB_OILM(1.0),27/02/26 23:00:00,Monthly,Imports,Kerosene-type jet fuel (excluding biofuel portion),Thousand tonnes,Belgium,2024-12,152.200,,
ESTAT:NRG_CB_OILM(1.0),27/02/26 23:00:00,Monthly,Imports,Kerosene-type jet fuel (excluding biofuel portion),Thousand tonnes,Belgium,2025-01,104.400,,
ESTAT:NRG_CB_OILM(1.0),27/02/26 23:00:00,Monthly,Imports,Kerosene-type jet fuel (excluding biofuel portion),Thousand tonnes,Belgium,2025-02,151.300,,
ESTAT:NRG_CB_OILM(1.0),27/02/26 23:00:00,Monthly,Imports,Kerosene-type jet fuel (excluding biofuel portion),Thousand tonnes,Belgium,2025-03,87.100,,
ESTAT:NRG_CB_OILM(1.0),27/02/26 23:00:00,Monthly,Imports,Kerosene-type jet fuel (excluding biofuel portion),Thousand tonnes,Belgium,2025-04,143.700,,
ESTAT:NRG_CB_OILM(1.0),27/02/26 23:00:00,Monthly,Imports,Kerosene-type jet fuel (excluding biofuel portion),Thousand tonnes,Belgium,2025-05,134.500,,
ESTAT:NRG_CB_OILM(1.0),27/02/26 23:00:00,Monthly,Imports,Kerosene-type jet fuel (excluding biofuel portion),Thousand tonnes,Belgium,2025-06,146.700,,
ESTAT:NRG_CB_OILM(1.0),27/02/26 23:00:00,Monthly,Imports,Kerosene-type jet fuel (excluding biofuel portion),Thousand tonnes,Belgium,2025-07,114.900,,
ESTAT:NRG_CB_OILM(1.0),27/02/26 23:00:00,Monthly,Imports,Kerosene-type jet fuel (excluding biofuel portion),Thousand tonnes,Belgium,2025-08,184.100,,
ESTAT:NRG_CB_OILM(1.0),27/02/26 23:00:00,Monthly,Imports,Kerosene-type jet fuel (excluding biofuel portion),Thousand tonnes,Belgium,2025-09,157.100,,
ESTAT:NRG_CB_OILM(1.0),27/02/26 23:00:00,Monthly,Imports,Kerosene-type jet fuel (excluding biofuel portion),Thousand tonnes,Belgium,2025-10,247.100,,
ESTAT:NRG_CB_OILM(1.0),27/02/26 23:00:00,Monthly,Imports,Kerosene-type jet fuel (excluding biofuel portion),Thousand tonnes,Belgium,2025-11,104.400,,
ESTAT:NRG_CB_OILM(1.0),27/02/26 23:00:00,Monthly,Imports,Kerosene-type jet fuel (excluding biofuel portion),Thousand tonnes,Bulgaria,2024-12,3.585,,
ESTAT:NRG_CB_OILM(1.0),27/02/26 23:00:00,Monthly,Imports,Kerosene-type jet fuel (excluding biofuel portion),Thousand tonnes,Bulgaria,2025-01,0.895,,
ESTAT:NRG_CB_OILM(1.0),27/02/26 23:00:00,Monthly,Imports,Kerosene-type jet fuel (excluding biofuel portion),Thousand tonnes,Bulgaria,2025-02,1.800,,
ESTAT:NRG_CB_OILM(1.0),27/02/26 23:00:00,Monthly,Imports,Kerosene-type jet fuel (excluding biofuel portion),Thousand tonnes,Bulgaria,2025-03,2.325,,
ESTAT:NRG_CB_OILM(1.0),27/02/26 23:00:00,Monthly,Imports,Kerosene-type jet fuel (excluding biofuel portion),Thousand tonnes,Bulgaria,2025-04,0.100,,
ESTAT:NRG_CB_OILM(1.0),27/02/26 23:00:00,Monthly,Imports,Kerosene-type jet fuel (excluding biofuel portion),Thousand tonnes,Bulgaria,2025-05,6.816,,
ESTAT:NRG_CB_OILM(1.0),27/02/26 23:00:00,Monthly,Imports,Kerosene-type jet fuel (excluding biofuel portion),Thousand tonnes,Bulgaria,2025-06,0.810,,
ESTAT:NRG_CB_OILM(1.0),27/02/26 23:00:00,Monthly,Imports,Kerosene-type jet fuel (excluding biofuel portion),Thousand tonnes,Bulgaria,2025-07,2.718,,
ESTAT:NRG_CB_OILM(1.0),27/02/26 23:00:00,Monthly,Imports,Kerosene-type jet fuel (excluding biofuel portion),Thousand tonnes,Bulgaria,2025-08,1.629,,
ESTAT:NRG_CB_OILM(1.0),27/02/26 23:00:00,Monthly,Imports,Kerosene-type jet fuel (excluding biofuel portion),Thousand tonnes,Bulgaria,2025-09,2.815,,
ESTAT:NRG_CB_OILM(1.0),27/02/26 23:00:00,Monthly,Imports,Kerosene-type jet fuel (excluding biofuel portion),Thousand tonnes,Bulgaria,2025-10,1.000,,
ESTAT:NRG_CB_OILM(1.0),27/02/26 23:00:00,Monthly,Imports,Kerosene-type jet fuel (excluding biofuel portion),Thousand tonnes,Bulgaria,2025-11,4.000,,
ESTAT:NRG_CB_OILM(1.0),27/02/26 23:00:00,Monthly,Imports,Kerosene-type jet fuel (excluding biofuel portion),Thousand tonnes,Cyprus,2024-12,26.649,,
ESTAT:NRG_CB_OILM(1.0),27/02/26 23:00:00,Monthly,Imports,Kerosene-type jet fuel (excluding biofuel portion),Thousand tonnes,Cyprus,2025-01,20.519,,
ESTAT:NRG_CB_OILM(1.0),27/02/26 23:00:00,Monthly,Imports,Kerosene-type jet fuel (excluding biofuel portion),Thousand tonnes,Cyprus,2025-02,14.898,,
ESTAT:NRG_CB_OILM(1.0),27/02/26 23:00:00,Monthly,Imports,Kerosene-type jet fuel (excluding biofuel portion),Thousand tonnes,Cyprus,2025-03,9.079,,
ESTAT:NRG_CB_OILM(1.0),27/02/26 23:00:00,Monthly,Imports,Kerosene-type jet fuel (excluding biofuel portion),Thousand tonnes,Cyprus,2025-04,23.156,,
ESTAT:NRG_CB_OILM(1.0),27/02/26 23:00:00,Monthly,Imports,Kerosene-type jet fuel (excluding biofuel portion),Thousand tonnes,Cyprus,2025-05,29.706,,
ESTAT:NRG_CB_OILM(1.0),27/02/26 23:00:00,Monthly,Imports,Kerosene-type jet fuel (excluding biofuel portion),Thousand tonnes,Cyprus,2025-06,21.247,,
ESTAT:NRG_CB_OILM(1.0),27/02/26 23:00:00,Monthly,Imports,Kerosene-type jet fuel (excluding biofuel portion),Thousand tonnes,Cyprus,2025-07,73.727,,
ESTAT:NRG_CB_OILM(1.0),27/02/26 23:00:00,Monthly,Imports,Kerosene-type jet fuel (excluding biofuel portion),Thousand tonnes,Cyprus,2025-08,27.243,,
ESTAT:NRG_CB_OILM(1.0),27/02/26 23:00:00,Monthly,Imports,Kerosene-type jet fuel (excluding biofuel portion),Thousand tonnes,Cyprus,2025-09,58.062,,
ESTAT:NRG_CB_OILM(1.0),27/02/26 23:00:00,Monthly,Imports,Kerosene-type jet fuel (excluding biofuel portion),Thousand tonnes,Cyprus,2025-10,29.914,,
ESTAT:NRG_CB_OILM(1.0),27/02/26 23:00:00,Monthly,Imports,Kerosene-type jet fuel (excluding biofuel portion),Thousand tonnes,Cyprus,2025-11,26.836,,
ESTAT:NRG_CB_OILM(1.0),27/02/26 23:00:00,Monthly,Imports,Kerosene-type jet fuel (excluding biofuel portion),Thousand tonnes,Czechia,2024-12,9.000,,
ESTAT:NRG_CB_OILM(1.0),27/02/26 23:00:00,Monthly,Imports,Kerosene-type jet fuel (excluding biofuel portion),Thousand tonnes,Czechia,2025-01,11.000,,
ESTAT:NRG_CB_OILM(1.0),27/02/26 23:00:00,Monthly,Imports,Kerosene-type jet fuel (excluding biofuel portion),Thousand tonnes,Czechia,2025-02,12.000,,
ESTAT:NRG_CB_OILM(1.0),27/02/26 23:00:00,Monthly,Imports,Kerosene-type jet fuel (excluding biofuel portion),Thousand tonnes,Czechia,2025-03,13.000,,
ESTAT:NRG_CB_OILM(1.0),27/02/26 23:00:00,Monthly,Imports,Kerosene-type jet fuel (excluding biofuel portion),Thousand tonnes,Czechia,2025-04,13.000,,
ESTAT:NRG_CB_OILM(1.0),27/02/26 23:00:00,Monthly,Imports,Kerosene-type jet fuel (excluding biofuel portion),Thousand tonnes,Czechia,2025-05,20.000,,
ESTAT:NRG_CB_OILM(1.0),27/02/26 23:00:00,Monthly,Imports,Kerosene-type jet fuel (excluding biofuel portion),Thousand tonnes,Czechia,2025-06,19.000,,
ESTAT:NRG_CB_OILM(1.0),27/02/26 23:00:00,Monthly,Imports,Kerosene-type jet fuel (excluding biofuel portion),Thousand tonnes,Czechia,2025-07,19.000,,
ESTAT:NRG_CB_OILM(1.0),27/02/26 23:00:00,Monthly,Imports,Kerosene-type jet fuel (excluding biofuel portion),Thousand tonnes,Czechia,2025-08,22.000,,
ESTAT:NRG_CB_OILM(1.0),27/02/26 23:00:00,Monthly,Imports,Kerosene-type jet fuel (excluding biofuel portion),Thousand tonnes,Czechia,2025-09,20.000,,
ESTAT:NRG_CB_OILM(1.0),27/02/26 23:00:00,Monthly,Imports,Kerosene-type jet fuel (excluding biofuel portion),Thousand tonnes,Czechia,2025-10,16.000,,
ESTAT:NRG_CB_OILM(1.0),27/02/26 23:00:00,Monthly,Imports,Kerosene-type jet fuel (excluding biofuel portion),Thousand tonnes,Czechia,2025-11,16.000,,
ESTAT:NRG_CB_OILM(1.0),27/02/26 23:00:00,Monthly,Imports,Kerosene-type jet fuel (excluding biofuel portion),Thousand tonnes,Germany,2024-12,466.915,,
ESTAT:NRG_CB_OILM(1.0),27/02/26 23:00:00,Monthly,Imports,Kerosene-type jet fuel (excluding biofuel portion),Thousand tonnes,Germany,2025-01,461.554,,
ESTAT:NRG_CB_OILM(1.0),27/02/26 23:00:00,Monthly,Imports,Kerosene-type jet fuel (excluding biofuel portion),Thousand tonnes,Germany,2025-02,431.041,,
ESTAT:NRG_CB_OILM(1.0),27/02/26 23:00:00,Monthly,Imports,Kerosene-type jet fuel (excluding biofuel portion),Thousand tonnes,Germany,2025-03,489.162,,
ESTAT:NRG_CB_OILM(1.0),27/02/26 23:00:00,Monthly,Imports,Kerosene-type jet fuel (excluding biofuel portion),Thousand tonnes,Germany,2025-04,492.548,,
ESTAT:NRG_CB_OILM(1.0),27/02/26 23:00:00,Monthly,Imports,Kerosene-type jet fuel (excluding biofuel portion),Thousand tonnes,Germany,2025-05,537.866,,
ESTAT:NRG_CB_OILM(1.0),27/02/26 23:00:00,Monthly,Imports,Kerosene-type jet fuel (excluding biofuel portion),Thousand tonnes,Germany,2025-06,534.746,,
ESTAT:NRG_CB_OILM(1.0),27/02/26 23:00:00,Monthly,Imports,Kerosene-type jet fuel (excluding biofuel portion),Thousand tonnes,Germany,2025-07,576.244,,
ESTAT:NRG_CB_OILM(1.0),27/02/26 23:00:00,Monthly,Imports,Kerosene-type jet fuel (excluding biofuel portion),Thousand tonnes,Germany,2025-08,572.711,,
ESTAT:NRG_CB_OILM(1.0),27/02/26 23:00:00,Monthly,Imports,Kerosene-type jet fuel (excluding biofuel portion),Thousand tonnes,Germany,2025-09,511.255,,
ESTAT:NRG_CB_OILM(1.0),27/02/26 23:00:00,Monthly,Imports,Kerosene-type jet fuel (excluding biofuel portion),Thousand tonnes,Germany,2025-10,509.665,,
ESTAT:NRG_CB_OILM(1.0),27/02/26 23:00:00,Monthly,Imports,Kerosene-type jet fuel (excluding biofuel portion),Thousand tonnes,Germany,2025-11,517.363,,
ESTAT:NRG_CB_OILM(1.0),27/02/26 23:00:00,Monthly,Imports,Kerosene-type jet fuel (excluding biofuel portion),Thousand tonnes,Denmark,2024-12,106.000,,
ESTAT:NRG_CB_OILM(1.0),27/02/26 23:00:00,Monthly,Imports,Kerosene-type jet fuel (excluding biofuel portion),Thousand tonnes,Denmark,2025-01,81.000,,
ESTAT:NRG_CB_OILM(1.0),27/02/26 23:00:00,Monthly,Imports,Kerosene-type jet fuel (excluding biofuel portion),Thousand tonnes,Denmark,2025-02,31.000,,
ESTAT:NRG_CB_OILM(1.0),27/02/26 23:00:00,Monthly,Imports,Kerosene-type jet fuel (excluding biofuel portion),Thousand tonnes,Denmark,2025-03,16.000,,
ESTAT:NRG_CB_OILM(1.0),27/02/26 23:00:00,Monthly,Imports,Kerosene-type jet fuel (excluding biofuel portion),Thousand tonnes,Denmark,2025-04,59.000,,
ESTAT:NRG_CB_OILM(1.0),27/02/26 23:00:00,Monthly,Imports,Kerosene-type jet fuel (excluding biofuel portion),Thousand tonnes,Denmark,2025-05,70.000,,
ESTAT:NRG_CB_OILM(1.0),27/02/26 23:00:00,Monthly,Imports,Kerosene-type jet fuel (excluding biofuel portion),Thousand tonnes,Denmark,2025-06,113.000,,
ESTAT:NRG_CB_OILM(1.0),27/02/26 23:00:00,Monthly,Imports,Kerosene-type jet fuel (excluding biofuel portion),Thousand tonnes,Denmark,2025-07,72.000,,
ESTAT:NRG_CB_OILM(1.0),27/02/26 23:00:00,Monthly,Imports,Kerosene-type jet fuel (excluding biofuel portion),Thousand tonnes,Denmark,2025-08,118.000,,
ESTAT:NRG_CB_OILM(1.0),27/02/26 23:00:00,Monthly,Imports,Kerosene-type jet fuel (excluding biofuel portion),Thousand tonnes,Denmark,2025-09,72.000,,
ESTAT:NRG_CB_OILM(1.0),27/02/26 23:00:00,Monthly,Imports,Kerosene-type jet fuel (excluding biofuel portion),Thousand tonnes,Denmark,2025-10,107.000,,
ESTAT:NRG_CB_OILM(1.0),27/02/26 23:00:00,Monthly,Imports,Kerosene-type jet fuel (excluding biofuel portion),Thousand tonnes,Denmark,2025-11,14.000,,
ESTAT:NRG_CB_OILM(1.0),27/02/26 23:00:00,Monthly,Imports,Kerosene-type jet fuel (excluding biofuel portion),Thousand tonnes,Estonia,2024-12,0.000,,
ESTAT:NRG_CB_OILM(1.0),27/02/26 23:00:00,Monthly,Imports,Kerosene-type jet fuel (excluding biofuel portion),Thousand tonnes,Estonia,2025-01,1.000,,
ESTAT:NRG_CB_OILM(1.0),27/02/26 23:00:00,Monthly,Imports,Kerosene-type jet fuel (excluding biofuel portion),Thousand tonnes,Estonia,2025-02,0.000,,
ESTAT:NRG_CB_OILM(1.0),27/02/26 23:00:00,Monthly,Imports,Kerosene-type jet fuel (excluding biofuel portion),Thousand tonnes,Estonia,2025-03,0.000,,
ESTAT:NRG_CB_OILM(1.0),27/02/26 23:00:00,Monthly,Imports,Kerosene-type jet fuel (excluding biofuel portion),Thousand tonnes,Estonia,2025-04,0.000,,
ESTAT:NRG_CB_OILM(1.0),27/02/26 23:00:00,Monthly,Imports,Kerosene-type jet fuel (excluding biofuel portion),Thousand tonnes,Estonia,2025-05,0.000,,
ESTAT:NRG_CB_OILM(1.0),27/02/26 23:00:00,Monthly,Imports,Kerosene-type jet fuel (excluding biofuel portion),Thousand tonnes,Estonia,2025-06,0.000,,
ESTAT:NRG_CB_OILM(1.0),27/02/26 23:00:00,Monthly,Imports,Kerosene-type jet fuel (excluding biofuel portion),Thousand tonnes,Estonia,2025-07,0.000,,
ESTAT:NRG_CB_OILM(1.0),27/02/26 23:00:00,Monthly,Imports,Kerosene-type jet fuel (excluding biofuel portion),Thousand tonnes,Estonia,2025-08,9.000,,
ESTAT:NRG_CB_OILM(1.0),27/02/26 23:00:00,Monthly,Imports,Kerosene-type jet fuel (excluding biofuel portion),Thousand tonnes,Estonia,2025-09,8.000,,
ESTAT:NRG_CB_OILM(1.0),27/02/26 23:00:00,Monthly,Imports,Kerosene-type jet fuel (excluding biofuel portion),Thousand tonnes,Estonia,2025-10,0.000,,
ESTAT:NRG_CB_OILM(1.0),27/02/26 23:00:00,Monthly,Imports,Kerosene-type jet fuel (excluding biofuel portion),Thousand tonnes,Estonia,2025-11,0.000,,
ESTAT:NRG_CB_OILM(1.0),27/02/26 23:00:00,Monthly,Imports,Kerosene-type jet fuel (excluding biofuel portion),Thousand tonnes,Greece,2024-12,0.000,,
ESTAT:NRG_CB_OILM(1.0),27/02/26 23:00:00,Monthly,Imports,Kerosene-type jet fuel (excluding biofuel portion),Thousand tonnes,Greece,2025-01,6.615,,
ESTAT:NRG_CB_OILM(1.0),27/02/26 23:00:00,Monthly,Imports,Kerosene-type jet fuel (excluding biofuel portion),Thousand tonnes,Greece,2025-02,0.000,,
ESTAT:NRG_CB_OILM(1.0),27/02/26 23:00:00,Monthly,Imports,Kerosene-type jet fuel (excluding biofuel portion),Thousand tonnes,Greece,2025-03,7.450,,
ESTAT:NRG_CB_OILM(1.0),27/02/26 23:00:00,Monthly,Imports,Kerosene-type jet fuel (excluding biofuel portion),Thousand tonnes,Greece,2025-04,11.994,,
ESTAT:NRG_CB_OILM(1.0),27/02/26 23:00:00,Monthly,Imports,Kerosene-type jet fuel (excluding biofuel portion),Thousand tonnes,Greece,2025-05,73.455,,
ESTAT:NRG_CB_OILM(1.0),27/02/26 23:00:00,Monthly,Imports,Kerosene-type jet fuel (excluding biofuel portion),Thousand tonnes,Greece,2025-06,157.158,,
ESTAT:NRG_CB_OILM(1.0),27/02/26 23:00:00,Monthly,Imports,Kerosene-type jet fuel (excluding biofuel portion),Thousand tonnes,Greece,2025-07,63.185,,
ESTAT:NRG_CB_OILM(1.0),27/02/26 23:00:00,Monthly,Imports,Kerosene-type jet fuel (excluding biofuel portion),Thousand tonnes,Greece,2025-08,0.000,,
ESTAT:NRG_CB_OILM(1.0),27/02/26 23:00:00,Monthly,Imports,Kerosene-type jet fuel (excluding biofuel portion),Thousand tonnes,Greece,2025-09,0.000,,
ESTAT:NRG_CB_OILM(1.0),27/02/26 23:00:00,Monthly,Imports,Kerosene-type jet fuel (excluding biofuel portion),Thousand tonnes,Greece,2025-10,0.000,,
ESTAT:NRG_CB_OILM(1.0),27/02/26 23:00:00,Monthly,Imports,Kerosene-type jet fuel (excluding biofuel portion),Thousand tonnes,Greece,2025-11,0.029,,
ESTAT:NRG_CB_OILM(1.0),27/02/26 23:00:00,Monthly,Imports,Kerosene-type jet fuel (excluding biofuel portion),Thousand tonnes,Spain,2024-12,160.336,,
ESTAT:NRG_CB_OILM(1.0),27/02/26 23:00:00,Monthly,Imports,Kerosene-type jet fuel (excluding biofuel portion),Thousand tonnes,Spain,2025-01,202.018,,
ESTAT:NRG_CB_OILM(1.0),27/02/26 23:00:00,Monthly,Imports,Kerosene-type jet fuel (excluding biofuel portion),Thousand tonnes,Spain,2025-02,84.828,,
ESTAT:NRG_CB_OILM(1.0),27/02/26 23:00:00,Monthly,Imports,Kerosene-type jet fuel (excluding biofuel portion),Thousand tonnes,Spain,2025-03,155.116,,
ESTAT:NRG_CB_OILM(1.0),27/02/26 23:00:00,Monthly,Imports,Kerosene-type jet fuel (excluding biofuel portion),Thousand tonnes,Spain,2025-04,154.996,,
ESTAT:NRG_CB_OILM(1.0),27/02/26 23:00:00,Monthly,Imports,Kerosene-type jet fuel (excluding biofuel portion),Thousand tonnes,Spain,2025-05,295.774,,
ESTAT:NRG_CB_OILM(1.0),27/02/26 23:00:00,Monthly,Imports,Kerosene-type jet fuel (excluding biofuel portion),Thousand tonnes,Spain,2025-06,321.116,,
ESTAT:NRG_CB_OILM(1.0),27/02/26 23:00:00,Monthly,Imports,Kerosene-type jet fuel (excluding biofuel portion),Thousand tonnes,Spain,2025-07,114.241,,
ESTAT:NRG_CB_OILM(1.0),27/02/26 23:00:00,Monthly,Imports,Kerosene-type jet fuel (excluding biofuel portion),Thousand tonnes,Spain,2025-08,217.787,,
ESTAT:NRG_CB_OILM(1.0),27/02/26 23:00:00,Monthly,Imports,Kerosene-type jet fuel (excluding biofuel portion),Thousand tonnes,Spain,2025-09,360.435,,
ESTAT:NRG_CB_OILM(1.0),27/02/26 23:00:00,Monthly,Imports,Kerosene-type jet fuel (excluding biofuel portion),Thousand tonnes,Spain,2025-10,133.977,,
ESTAT:NRG_CB_OILM(1.0),27/02/26 23:00:00,Monthly,Imports,Kerosene-type jet fuel (excluding biofuel portion),Thousand tonnes,Spain,2025-11,143.894,,
ESTAT:NRG_CB_OILM(1.0),27/02/26 23:00:00,Monthly,Imports,Kerosene-type jet fuel (excluding biofuel portion),Thousand tonnes,European Union - 27 countries (from 2020),2024-12,2188.659,,
ESTAT:NRG_CB_OILM(1.0),27/02/26 23:00:00,Monthly,Imports,Kerosene-type jet fuel (excluding biofuel portion),Thousand tonnes,European Union - 27 countries (from 2020),2025-01,1693.680,,
ESTAT:NRG_CB_OILM(1.0),27/02/26 23:00:00,Monthly,Imports,Kerosene-type jet fuel (excluding biofuel portion),Thousand tonnes,European Union - 27 countries (from 2020),2025-02,2009.607,,
ESTAT:NRG_CB_OILM(1.0),27/02/26 23:00:00,Monthly,Imports,Kerosene-type jet fuel (excluding biofuel portion),Thousand tonnes,European Union - 27 countries (from 2020),2025-03,2119.651,,
ESTAT:NRG_CB_OILM(1.0),27/02/26 23:00:00,Monthly,Imports,Kerosene-type jet fuel (excluding biofuel portion),Thousand tonnes,European Union - 27 countries (from 2020),2025-04,2235.534,,
ESTAT:NRG_CB_OILM(1.0),27/02/26 23:00:00,Monthly,Imports,Kerosene-type jet fuel (excluding biofuel portion),Thousand tonnes,European Union - 27 countries (from 2020),2025-05,2762.879,,
ESTAT:NRG_CB_OILM(1.0),27/02/26 23:00:00,Monthly,Imports,Kerosene-type jet fuel (excluding biofuel portion),Thousand tonnes,European Union - 27 countries (from 2020),2025-06,2882.666,,
ESTAT:NRG_CB_OILM(1.0),27/02/26 23:00:00,Monthly,Imports,Kerosene-type jet fuel (excluding biofuel portion),Thousand tonnes,European Union - 27 countries (from 2020),2025-07,2752.660,,
ESTAT:NRG_CB_OILM(1.0),27/02/26 23:00:00,Monthly,Imports,Kerosene-type jet fuel (excluding biofuel portion),Thousand tonnes,European Union - 27 countries (from 2020),2025-08,2946.106,,
ESTAT:NRG_CB_OILM(1.0),27/02/26 23:00:00,Monthly,Imports,Kerosene-type jet fuel (excluding biofuel portion),Thousand tonnes,European Union - 27 countries (from 2020),2025-09,3082.464,,
ESTAT:NRG_CB_OILM(1.0),27/02/26 23:00:00,Monthly,Imports,Kerosene-type jet fuel (excluding biofuel portion),Thousand tonnes,European Union - 27 countries (from 2020),2025-11,2231.400,,
ESTAT:NRG_CB_OILM(1.0),27/02/26 23:00:00,Monthly,Imports,Kerosene-type jet fuel (excluding biofuel portion),Thousand tonnes,Finland,2024-12,0.000,,
ESTAT:NRG_CB_OILM(1.0),27/02/26 23:00:00,Monthly,Imports,Kerosene-type jet fuel (excluding biofuel portion),Thousand tonnes,Finland,2025-01,0.000,,
ESTAT:NRG_CB_OILM(1.0),27/02/26 23:00:00,Monthly,Imports,Kerosene-type jet fuel (excluding biofuel portion),Thousand tonnes,Finland,2025-02,0.000,,
ESTAT:NRG_CB_OILM(1.0),27/02/26 23:00:00,Monthly,Imports,Kerosene-type jet fuel (excluding biofuel portion),Thousand tonnes,Finland,2025-03,,,C
ESTAT:NRG_CB_OILM(1.0),27/02/26 23:00:00,Monthly,Imports,Kerosene-type jet fuel (excluding biofuel portion),Thousand tonnes,Finland,2025-04,,,C
ESTAT:NRG_CB_OILM(1.0),27/02/26 23:00:00,Monthly,Imports,Kerosene-type jet fuel (excluding biofuel portion),Thousand tonnes,Finland,2025-05,,,C
ESTAT:NRG_CB_OILM(1.0),27/02/26 23:00:00,Monthly,Imports,Kerosene-type jet fuel (excluding biofuel portion),Thousand tonnes,Finland,2025-06,,,C
ESTAT:NRG_CB_OILM(1.0),27/02/26 23:00:00,Monthly,Imports,Kerosene-type jet fuel (excluding biofuel portion),Thousand tonnes,Finland,2025-07,,,C
ESTAT:NRG_CB_OILM(1.0),27/02/26 23:00:00,Monthly,Imports,Kerosene-type jet fuel (excluding biofuel portion),Thousand tonnes,Finland,2025-08,,,C
ESTAT:NRG_CB_OILM(1.0),27/02/26 23:00:00,Monthly,Imports,Kerosene-type jet fuel (excluding biofuel portion),Thousand tonnes,Finland,2025-09,0.000,,
ESTAT:NRG_CB_OILM(1.0),27/02/26 23:00:00,Monthly,Imports,Kerosene-type jet fuel (excluding biofuel portion),Thousand tonnes,Finland,2025-10,0.000,,
ESTAT:NRG_CB_OILM(1.0),27/02/26 23:00:00,Monthly,Imports,Kerosene-type jet fuel (excluding biofuel portion),Thousand tonnes,Finland,2025-11,0.000,,
ESTAT:NRG_CB_OILM(1.0),27/02/26 23:00:00,Monthly,Imports,Kerosene-type jet fuel (excluding biofuel portion),Thousand tonnes,France,2024-12,578.000,,
ESTAT:NRG_CB_OILM(1.0),27/02/26 23:00:00,Monthly,Imports,Kerosene-type jet fuel (excluding biofuel portion),Thousand tonnes,France,2025-01,286.000,,
ESTAT:NRG_CB_OILM(1.0),27/02/26 23:00:00,Monthly,Imports,Kerosene-type jet fuel (excluding biofuel portion),Thousand tonnes,France,2025-02,487.000,,
ESTAT:NRG_CB_OILM(1.0),27/02/26 23:00:00,Monthly,Imports,Kerosene-type jet fuel (excluding biofuel portion),Thousand tonnes,France,2025-03,436.000,,
ESTAT:NRG_CB_OILM(1.0),27/02/26 23:00:00,Monthly,Imports,Kerosene-type jet fuel (excluding biofuel portion),Thousand tonnes,France,2025-04,564.000,,
ESTAT:NRG_CB_OILM(1.0),27/02/26 23:00:00,Monthly,Imports,Kerosene-type jet fuel (excluding biofuel portion),Thousand tonnes,France,2025-05,656.000,,
ESTAT:NRG_CB_OILM(1.0),27/02/26 23:00:00,Monthly,Imports,Kerosene-type jet fuel (excluding biofuel portion),Thousand tonnes,France,2025-06,528.000,,
ESTAT:NRG_CB_OILM(1.0),27/02/26 23:00:00,Monthly,Imports,Kerosene-type jet fuel (excluding biofuel portion),Thousand tonnes,France,2025-07,643.000,,
ESTAT:NRG_CB_OILM(1.0),27/02/26 23:00:00,Monthly,Imports,Kerosene-type jet fuel (excluding biofuel portion),Thousand tonnes,France,2025-08,676.000,,
ESTAT:NRG_CB_OILM(1.0),27/02/26 23:00:00,Monthly,Imports,Kerosene-type jet fuel (excluding biofuel portion),Thousand tonnes,France,2025-09,519.000,,
ESTAT:NRG_CB_OILM(1.0),27/02/26 23:00:00,Monthly,Imports,Kerosene-type jet fuel (excluding biofuel portion),Thousand tonnes,France,2025-10,454.000,,
ESTAT:NRG_CB_OILM(1.0),27/02/26 23:00:00,Monthly,Imports,Kerosene-type jet fuel (excluding biofuel portion),Thousand tonnes,France,2025-11,490.000,,
ESTAT:NRG_CB_OILM(1.0),27/02/26 23:00:00,Monthly,Imports,Kerosene-type jet fuel (excluding biofuel portion),Thousand tonnes,Georgia,2024-12,21.081,,
ESTAT:NRG_CB_OILM(1.0),27/02/26 23:00:00,Monthly,Imports,Kerosene-type jet fuel (excluding biofuel portion),Thousand tonnes,Georgia,2025-01,13.513,,
ESTAT:NRG_CB_OILM(1.0),27/02/26 23:00:00,Monthly,Imports,Kerosene-type jet fuel (excluding biofuel portion),Thousand tonnes,Georgia,2025-02,14.173,,
ESTAT:NRG_CB_OILM(1.0),27/02/26 23:00:00,Monthly,Imports,Kerosene-type jet fuel (excluding biofuel portion),Thousand tonnes,Georgia,2025-03,12.442,,
ESTAT:NRG_CB_OILM(1.0),27/02/26 23:00:00,Monthly,Imports,Kerosene-type jet fuel (excluding biofuel portion),Thousand tonnes,Georgia,2025-04,14.977,,
ESTAT:NRG_CB_OILM(1.0),27/02/26 23:00:00,Monthly,Imports,Kerosene-type jet fuel (excluding biofuel portion),Thousand tonnes,Georgia,2025-05,21.536,,
ESTAT:NRG_CB_OILM(1.0),27/02/26 23:00:00,Monthly,Imports,Kerosene-type jet fuel (excluding biofuel portion),Thousand tonnes,Georgia,2025-06,20.548,,
ESTAT:NRG_CB_OILM(1.0),27/02/26 23:00:00,Monthly,Imports,Kerosene-type jet fuel (excluding biofuel portion),Thousand tonnes,Georgia,2025-07,28.613,,
ESTAT:NRG_CB_OILM(1.0),27/02/26 23:00:00,Monthly,Imports,Kerosene-type jet fuel (excluding biofuel portion),Thousand tonnes,Georgia,2025-08,26.294,,
ESTAT:NRG_CB_OILM(1.0),27/02/26 23:00:00,Monthly,Imports,Kerosene-type jet fuel (excluding biofuel portion),Thousand tonnes,Georgia,2025-09,19.444,,
ESTAT:NRG_CB_OILM(1.0),27/02/26 23:00:00,Monthly,Imports,Kerosene-type jet fuel (excluding biofuel portion),Thousand tonnes,Georgia,2025-10,20.229,,
ESTAT:NRG_CB_OILM(1.0),27/02/26 23:00:00,Monthly,Imports,Kerosene-type jet fuel (excluding biofuel portion),Thousand tonnes,Georgia,2025-11,24.172,,
ESTAT:NRG_CB_OILM(1.0),27/02/26 23:00:00,Monthly,Imports,Kerosene-type jet fuel (excluding biofuel portion),Thousand tonnes,Croatia,2024-12,5.510,,
ESTAT:NRG_CB_OILM(1.0),27/02/26 23:00:00,Monthly,Imports,Kerosene-type jet fuel (excluding biofuel portion),Thousand tonnes,Croatia,2025-01,0.000,,
ESTAT:NRG_CB_OILM(1.0),27/02/26 23:00:00,Monthly,Imports,Kerosene-type jet fuel (excluding biofuel portion),Thousand tonnes,Croatia,2025-02,0.000,,
ESTAT:NRG_CB_OILM(1.0),27/02/26 23:00:00,Monthly,Imports,Kerosene-type jet fuel (excluding biofuel portion),Thousand tonnes,Croatia,2025-03,7.000,,
ESTAT:NRG_CB_OILM(1.0),27/02/26 23:00:00,Monthly,Imports,Kerosene-type jet fuel (excluding biofuel portion),Thousand tonnes,Croatia,2025-04,2.100,,
ESTAT:NRG_CB_OILM(1.0),27/02/26 23:00:00,Monthly,Imports,Kerosene-type jet fuel (excluding biofuel portion),Thousand tonnes,Croatia,2025-05,0.000,,
ESTAT:NRG_CB_OILM(1.0),27/02/26 23:00:00,Monthly,Imports,Kerosene-type jet fuel (excluding biofuel portion),Thousand tonnes,Croatia,2025-06,0.000,,
ESTAT:NRG_CB_OILM(1.0),27/02/26 23:00:00,Monthly,Imports,Kerosene-type jet fuel (excluding biofuel portion),Thousand tonnes,Croatia,2025-07,4.900,,
ESTAT:NRG_CB_OILM(1.0),27/02/26 23:00:00,Monthly,Imports,Kerosene-type jet fuel (excluding biofuel portion),Thousand tonnes,Croatia,2025-08,3.900,,
ESTAT:NRG_CB_OILM(1.0),27/02/26 23:00:00,Monthly,Imports,Kerosene-type jet fuel (excluding biofuel portion),Thousand tonnes,Croatia,2025-09,1.200,,
ESTAT:NRG_CB_OILM(1.0),27/02/26 23:00:00,Monthly,Imports,Kerosene-type jet fuel (excluding biofuel portion),Thousand tonnes,Croatia,2025-10,4.800,,
ESTAT:NRG_CB_OILM(1.0),27/02/26 23:00:00,Monthly,Imports,Kerosene-type jet fuel (excluding biofuel portion),Thousand tonnes,Croatia,2025-11,0.000,,
ESTAT:NRG_CB_OILM(1.0),27/02/26 23:00:00,Monthly,Imports,Kerosene-type jet fuel (excluding biofuel portion),Thousand tonnes,Hungary,2024-12,14.000,,
ESTAT:NRG_CB_OILM(1.0),27/02/26 23:00:00,Monthly,Imports,Kerosene-type jet fuel (excluding biofuel portion),Thousand tonnes,Hungary,2025-01,10.000,,
ESTAT:NRG_CB_OILM(1.0),27/02/26 23:00:00,Monthly,Imports,Kerosene-type jet fuel (excluding biofuel portion),Thousand tonnes,Hungary,2025-02,7.400,,
ESTAT:NRG_CB_OILM(1.0),27/02/26 23:00:00,Monthly,Imports,Kerosene-type jet fuel (excluding biofuel portion),Thousand tonnes,Hungary,2025-03,17.400,,
ESTAT:NRG_CB_OILM(1.0),27/02/26 23:00:00,Monthly,Imports,Kerosene-type jet fuel (excluding biofuel portion),Thousand tonnes,Hungary,2025-04,22.900,,
ESTAT:NRG_CB_OILM(1.0),27/02/26 23:00:00,Monthly,Imports,Kerosene-type jet fuel (excluding biofuel portion),Thousand tonnes,Hungary,2025-05,13.300,,
ESTAT:NRG_CB_OILM(1.0),27/02/26 23:00:00,Monthly,Imports,Kerosene-type jet fuel (excluding biofuel portion),Thousand tonnes,Hungary,2025-06,8.000,,
ESTAT:NRG_CB_OILM(1.0),27/02/26 23:00:00,Monthly,Imports,Kerosene-type jet fuel (excluding biofuel portion),Thousand tonnes,Hungary,2025-07,22.400,,
ESTAT:NRG_CB_OILM(1.0),27/02/26 23:00:00,Monthly,Imports,Kerosene-type jet fuel (excluding biofuel portion),Thousand tonnes,Hungary,2025-08,26.600,,
ESTAT:NRG_CB_OILM(1.0),27/02/26 23:00:00,Monthly,Imports,Kerosene-type jet fuel (excluding biofuel portion),Thousand tonnes,Hungary,2025-09,20.500,,
ESTAT:NRG_CB_OILM(1.0),27/02/26 23:00:00,Monthly,Imports,Kerosene-type jet fuel (excluding biofuel portion),Thousand tonnes,Hungary,2025-10,26.600,,
ESTAT:NRG_CB_OILM(1.0),27/02/26 23:00:00,Monthly,Imports,Kerosene-type jet fuel (excluding biofuel portion),Thousand tonnes,Hungary,2025-11,27.200,,
ESTAT:NRG_CB_OILM(1.0),27/02/26 23:00:00,Monthly,Imports,Kerosene-type jet fuel (excluding biofuel portion),Thousand tonnes,Ireland,2024-12,122.775,,
ESTAT:NRG_CB_OILM(1.0),27/02/26 23:00:00,Monthly,Imports,Kerosene-type jet fuel (excluding biofuel portion),Thousand tonnes,Ireland,2025-01,114.557,,
ESTAT:NRG_CB_OILM(1.0),27/02/26 23:00:00,Monthly,Imports,Kerosene-type jet fuel (excluding biofuel portion),Thousand tonnes,Ireland,2025-02,93.715,,
ESTAT:NRG_CB_OILM(1.0),27/02/26 23:00:00,Monthly,Imports,Kerosene-type jet fuel (excluding biofuel portion),Thousand tonnes,Ireland,2025-03,112.288,,
ESTAT:NRG_CB_OILM(1.0),27/02/26 23:00:00,Monthly,Imports,Kerosene-type jet fuel (excluding biofuel portion),Thousand tonnes,Ireland,2025-04,106.274,,
ESTAT:NRG_CB_OILM(1.0),27/02/26 23:00:00,Monthly,Imports,Kerosene-type jet fuel (excluding biofuel portion),Thousand tonnes,Ireland,2025-05,120.737,,
ESTAT:NRG_CB_OILM(1.0),27/02/26 23:00:00,Monthly,Imports,Kerosene-type jet fuel (excluding biofuel portion),Thousand tonnes,Ireland,2025-06,129.893,,
ESTAT:NRG_CB_OILM(1.0),27/02/26 23:00:00,Monthly,Imports,Kerosene-type jet fuel (excluding biofuel portion),Thousand tonnes,Ireland,2025-07,130.132,,
ESTAT:NRG_CB_OILM(1.0),27/02/26 23:00:00,Monthly,Imports,Kerosene-type jet fuel (excluding biofuel portion),Thousand tonnes,Ireland,2025-08,118.443,,
ESTAT:NRG_CB_OILM(1.0),27/02/26 23:00:00,Monthly,Imports,Kerosene-type jet fuel (excluding biofuel portion),Thousand tonnes,Ireland,2025-09,120.544,,
ESTAT:NRG_CB_OILM(1.0),27/02/26 23:00:00,Monthly,Imports,Kerosene-type jet fuel (excluding biofuel portion),Thousand tonnes,Ireland,2025-10,138.939,,
ESTAT:NRG_CB_OILM(1.0),27/02/26 23:00:00,Monthly,Imports,Kerosene-type jet fuel (excluding biofuel portion),Thousand tonnes,Ireland,2025-11,93.042,,
ESTAT:NRG_CB_OILM(1.0),27/02/26 23:00:00,Monthly,Imports,Kerosene-type jet fuel (excluding biofuel portion),Thousand tonnes,Italy,2024-12,190.203,,
ESTAT:NRG_CB_OILM(1.0),27/02/26 23:00:00,Monthly,Imports,Kerosene-type jet fuel (excluding biofuel portion),Thousand tonnes,Italy,2025-01,176.078,,
ESTAT:NRG_CB_OILM(1.0),27/02/26 23:00:00,Monthly,Imports,Kerosene-type jet fuel (excluding biofuel portion),Thousand tonnes,Italy,2025-02,195.824,,
ESTAT:NRG_CB_OILM(1.0),27/02/26 23:00:00,Monthly,Imports,Kerosene-type jet fuel (excluding biofuel portion),Thousand tonnes,Italy,2025-03,161.676,,
ESTAT:NRG_CB_OILM(1.0),27/02/26 23:00:00,Monthly,Imports,Kerosene-type jet fuel (excluding biofuel portion),Thousand tonnes,Italy,2025-04,212.900,,
ESTAT:NRG_CB_OILM(1.0),27/02/26 23:00:00,Monthly,Imports,Kerosene-type jet fuel (excluding biofuel portion),Thousand tonnes,Italy,2025-05,224.164,,
ESTAT:NRG_CB_OILM(1.0),27/02/26 23:00:00,Monthly,Imports,Kerosene-type jet fuel (excluding biofuel portion),Thousand tonnes,Italy,2025-06,200.664,,
ESTAT:NRG_CB_OILM(1.0),27/02/26 23:00:00,Monthly,Imports,Kerosene-type jet fuel (excluding biofuel portion),Thousand tonnes,Italy,2025-07,314.988,,
ESTAT:NRG_CB_OILM(1.0),27/02/26 23:00:00,Monthly,Imports,Kerosene-type jet fuel (excluding biofuel portion),Thousand tonnes,Italy,2025-08,191.144,,
ESTAT:NRG_CB_OILM(1.0),27/02/26 23:00:00,Monthly,Imports,Kerosene-type jet fuel (excluding biofuel portion),Thousand tonnes,Italy,2025-09,282.046,,
ESTAT:NRG_CB_OILM(1.0),27/02/26 23:00:00,Monthly,Imports,Kerosene-type jet fuel (excluding biofuel portion),Thousand tonnes,Italy,2025-11,255.290,,
ESTAT:NRG_CB_OILM(1.0),27/02/26 23:00:00,Monthly,Imports,Kerosene-type jet fuel (excluding biofuel portion),Thousand tonnes,Lithuania,2024-12,0.000,,
ESTAT:NRG_CB_OILM(1.0),27/02/26 23:00:00,Monthly,Imports,Kerosene-type jet fuel (excluding biofuel portion),Thousand tonnes,Lithuania,2025-01,0.000,,
ESTAT:NRG_CB_OILM(1.0),27/02/26 23:00:00,Monthly,Imports,Kerosene-type jet fuel (excluding biofuel portion),Thousand tonnes,Lithuania,2025-02,0.000,,
ESTAT:NRG_CB_OILM(1.0),27/02/26 23:00:00,Monthly,Imports,Kerosene-type jet fuel (excluding biofuel portion),Thousand tonnes,Lithuania,2025-03,0.000,,
ESTAT:NRG_CB_OILM(1.0),27/02/26 23:00:00,Monthly,Imports,Kerosene-type jet fuel (excluding biofuel portion),Thousand tonnes,Lithuania,2025-04,0.000,,
ESTAT:NRG_CB_OILM(1.0),27/02/26 23:00:00,Monthly,Imports,Kerosene-type jet fuel (excluding biofuel portion),Thousand tonnes,Lithuania,2025-05,0.000,,
ESTAT:NRG_CB_OILM(1.0),27/02/26 23:00:00,Monthly,Imports,Kerosene-type jet fuel (excluding biofuel portion),Thousand tonnes,Lithuania,2025-06,0.000,,
ESTAT:NRG_CB_OILM(1.0),27/02/26 23:00:00,Monthly,Imports,Kerosene-type jet fuel (excluding biofuel portion),Thousand tonnes,Lithuania,2025-07,0.000,,
ESTAT:NRG_CB_OILM(1.0),27/02/26 23:00:00,Monthly,Imports,Kerosene-type jet fuel (excluding biofuel portion),Thousand tonnes,Lithuania,2025-08,0.000,,
ESTAT:NRG_CB_OILM(1.0),27/02/26 23:00:00,Monthly,Imports,Kerosene-type jet fuel (excluding biofuel portion),Thousand tonnes,Lithuania,2025-09,0.000,,
ESTAT:NRG_CB_OILM(1.0),27/02/26 23:00:00,Monthly,Imports,Kerosene-type jet fuel (excluding biofuel portion),Thousand tonnes,Lithuania,2025-10,0.000,,
ESTAT:NRG_CB_OILM(1.0),27/02/26 23:00:00,Monthly,Imports,Kerosene-type jet fuel (excluding biofuel portion),Thousand tonnes,Lithuania,2025-11,0.700,,
ESTAT:NRG_CB_OILM(1.0),27/02/26 23:00:00,Monthly,Imports,Kerosene-type jet fuel (excluding biofuel portion),Thousand tonnes,Luxembourg,2024-12,59.432,,
ESTAT:NRG_CB_OILM(1.0),27/02/26 23:00:00,Monthly,Imports,Kerosene-type jet fuel (excluding biofuel portion),Thousand tonnes,Luxembourg,2025-01,41.458,,
ESTAT:NRG_CB_OILM(1.0),27/02/26 23:00:00,Monthly,Imports,Kerosene-type jet fuel (excluding biofuel portion),Thousand tonnes,Luxembourg,2025-02,38.470,,
ESTAT:NRG_CB_OILM(1.0),27/02/26 23:00:00,Monthly,Imports,Kerosene-type jet fuel (excluding biofuel portion),Thousand tonnes,Luxembourg,2025-03,48.431,,
ESTAT:NRG_CB_OILM(1.0),27/02/26 23:00:00,Monthly,Imports,Kerosene-type jet fuel (excluding biofuel portion),Thousand tonnes,Luxembourg,2025-04,48.444,,
ESTAT:NRG_CB_OILM(1.0),27/02/26 23:00:00,Monthly,Imports,Kerosene-type jet fuel (excluding biofuel portion),Thousand tonnes,Luxembourg,2025-05,46.915,,
ESTAT:NRG_CB_OILM(1.0),27/02/26 23:00:00,Monthly,Imports,Kerosene-type jet fuel (excluding biofuel portion),Thousand tonnes,Luxembourg,2025-06,47.663,,
ESTAT:NRG_CB_OILM(1.0),27/02/26 23:00:00,Monthly,Imports,Kerosene-type jet fuel (excluding biofuel portion),Thousand tonnes,Luxembourg,2025-07,52.493,,
ESTAT:NRG_CB_OILM(1.0),27/02/26 23:00:00,Monthly,Imports,Kerosene-type jet fuel (excluding biofuel portion),Thousand tonnes,Luxembourg,2025-08,52.158,,
ESTAT:NRG_CB_OILM(1.0),27/02/26 23:00:00,Monthly,Imports,Kerosene-type jet fuel (excluding biofuel portion),Thousand tonnes,Luxembourg,2025-09,49.921,,
ESTAT:NRG_CB_OILM(1.0),27/02/26 23:00:00,Monthly,Imports,Kerosene-type jet fuel (excluding biofuel portion),Thousand tonnes,Luxembourg,2025-10,49.446,,
ESTAT:NRG_CB_OILM(1.0),27/02/26 23:00:00,Monthly,Imports,Kerosene-type jet fuel (excluding biofuel portion),Thousand tonnes,Luxembourg,2025-11,50.307,,
ESTAT:NRG_CB_OILM(1.0),27/02/26 23:00:00,Monthly,Imports,Kerosene-type jet fuel (excluding biofuel portion),Thousand tonnes,Latvia,2024-12,7.855,,
ESTAT:NRG_CB_OILM(1.0),27/02/26 23:00:00,Monthly,Imports,Kerosene-type jet fuel (excluding biofuel portion),Thousand tonnes,Latvia,2025-01,18.911,,
ESTAT:NRG_CB_OILM(1.0),27/02/26 23:00:00,Monthly,Imports,Kerosene-type jet fuel (excluding biofuel portion),Thousand tonnes,Latvia,2025-02,18.472,,
ESTAT:NRG_CB_OILM(1.0),27/02/26 23:00:00,Monthly,Imports,Kerosene-type jet fuel (excluding biofuel portion),Thousand tonnes,Latvia,2025-03,22.567,,
ESTAT:NRG_CB_OILM(1.0),27/02/26 23:00:00,Monthly,Imports,Kerosene-type jet fuel (excluding biofuel portion),Thousand tonnes,Latvia,2025-04,11.485,,
ESTAT:NRG_CB_OILM(1.0),27/02/26 23:00:00,Monthly,Imports,Kerosene-type jet fuel (excluding biofuel portion),Thousand tonnes,Latvia,2025-05,11.624,,
ESTAT:NRG_CB_OILM(1.0),27/02/26 23:00:00,Monthly,Imports,Kerosene-type jet fuel (excluding biofuel portion),Thousand tonnes,Latvia,2025-06,12.384,,
ESTAT:NRG_CB_OILM(1.0),27/02/26 23:00:00,Monthly,Imports,Kerosene-type jet fuel (excluding biofuel portion),Thousand tonnes,Latvia,2025-07,11.730,,
ESTAT:NRG_CB_OILM(1.0),27/02/26 23:00:00,Monthly,Imports,Kerosene-type jet fuel (excluding biofuel portion),Thousand tonnes,Latvia,2025-08,9.125,,
ESTAT:NRG_CB_OILM(1.0),27/02/26 23:00:00,Monthly,Imports,Kerosene-type jet fuel (excluding biofuel portion),Thousand tonnes,Latvia,2025-09,13.767,,
ESTAT:NRG_CB_OILM(1.0),27/02/26 23:00:00,Monthly,Imports,Kerosene-type jet fuel (excluding biofuel portion),Thousand tonnes,Latvia,2025-10,8.548,,
ESTAT:NRG_CB_OILM(1.0),27/02/26 23:00:00,Monthly,Imports,Kerosene-type jet fuel (excluding biofuel portion),Thousand tonnes,Latvia,2025-11,7.410,,
ESTAT:NRG_CB_OILM(1.0),27/02/26 23:00:00,Monthly,Imports,Kerosene-type jet fuel (excluding biofuel portion),Thousand tonnes,Moldova,2024-12,3.400,,
ESTAT:NRG_CB_OILM(1.0),27/02/26 23:00:00,Monthly,Imports,Kerosene-type jet fuel (excluding biofuel portion),Thousand tonnes,Moldova,2025-01,5.000,,
ESTAT:NRG_CB_OILM(1.0),27/02/26 23:00:00,Monthly,Imports,Kerosene-type jet fuel (excluding biofuel portion),Thousand tonnes,Moldova,2025-02,3.900,,
ESTAT:NRG_CB_OILM(1.0),27/02/26 23:00:00,Monthly,Imports,Kerosene-type jet fuel (excluding biofuel portion),Thousand tonnes,Moldova,2025-03,4.900,,
ESTAT:NRG_CB_OILM(1.0),27/02/26 23:00:00,Monthly,Imports,Kerosene-type jet fuel (excluding biofuel portion),Thousand tonnes,Moldova,2025-04,4.700,,
ESTAT:NRG_CB_OILM(1.0),27/02/26 23:00:00,Monthly,Imports,Kerosene-type jet fuel (excluding biofuel portion),Thousand tonnes,Moldova,2025-05,6.600,,
ESTAT:NRG_CB_OILM(1.0),27/02/26 23:00:00,Monthly,Imports,Kerosene-type jet fuel (excluding biofuel portion),Thousand tonnes,Moldova,2025-06,10.000,,
ESTAT:NRG_CB_OILM(1.0),27/02/26 23:00:00,Monthly,Imports,Kerosene-type jet fuel (excluding biofuel portion),Thousand tonnes,Moldova,2025-07,11.800,,
ESTAT:NRG_CB_OILM(1.0),27/02/26 23:00:00,Monthly,Imports,Kerosene-type jet fuel (excluding biofuel portion),Thousand tonnes,Moldova,2025-08,10.200,,
ESTAT:NRG_CB_OILM(1.0),27/02/26 23:00:00,Monthly,Imports,Kerosene-type jet fuel (excluding biofuel portion),Thousand tonnes,Moldova,2025-11,5.000,,
ESTAT:NRG_CB_OILM(1.0),27/02/26 23:00:00,Monthly,Imports,Kerosene-type jet fuel (excluding biofuel portion),Thousand tonnes,Montenegro,2024-12,1.758,,
ESTAT:NRG_CB_OILM(1.0),27/02/26 23:00:00,Monthly,Imports,Kerosene-type jet fuel (excluding biofuel portion),Thousand tonnes,Montenegro,2025-01,1.667,p,
ESTAT:NRG_CB_OILM(1.0),27/02/26 23:00:00,Monthly,Imports,Kerosene-type jet fuel (excluding biofuel portion),Thousand tonnes,Montenegro,2025-02,1.985,p,
ESTAT:NRG_CB_OILM(1.0),27/02/26 23:00:00,Monthly,Imports,Kerosene-type jet fuel (excluding biofuel portion),Thousand tonnes,Montenegro,2025-03,1.833,p,
ESTAT:NRG_CB_OILM(1.0),27/02/26 23:00:00,Monthly,Imports,Kerosene-type jet fuel (excluding biofuel portion),Thousand tonnes,Montenegro,2025-04,6.002,p,
ESTAT:NRG_CB_OILM(1.0),27/02/26 23:00:00,Monthly,Imports,Kerosene-type jet fuel (excluding biofuel portion),Thousand tonnes,Montenegro,2025-05,5.563,p,
ESTAT:NRG_CB_OILM(1.0),27/02/26 23:00:00,Monthly,Imports,Kerosene-type jet fuel (excluding biofuel portion),Thousand tonnes,Montenegro,2025-06,5.527,p,
ESTAT:NRG_CB_OILM(1.0),27/02/26 23:00:00,Monthly,Imports,Kerosene-type jet fuel (excluding biofuel portion),Thousand tonnes,Montenegro,2025-07,7.492,p,
ESTAT:NRG_CB_OILM(1.0),27/02/26 23:00:00,Monthly,Imports,Kerosene-type jet fuel (excluding biofuel portion),Thousand tonnes,Montenegro,2025-08,4.787,p,
ESTAT:NRG_CB_OILM(1.0),27/02/26 23:00:00,Monthly,Imports,Kerosene-type jet fuel (excluding biofuel portion),Thousand tonnes,Montenegro,2025-09,4.740,,
ESTAT:NRG_CB_OILM(1.0),27/02/26 23:00:00,Monthly,Imports,Kerosene-type jet fuel (excluding biofuel portion),Thousand tonnes,Montenegro,2025-10,3.736,,
ESTAT:NRG_CB_OILM(1.0),27/02/26 23:00:00,Monthly,Imports,Kerosene-type jet fuel (excluding biofuel portion),Thousand tonnes,Montenegro,2025-11,1.826,,
ESTAT:NRG_CB_OILM(1.0),27/02/26 23:00:00,Monthly,Imports,Kerosene-type jet fuel (excluding biofuel portion),Thousand tonnes,North Macedonia,2024-12,2.954,,
ESTAT:NRG_CB_OILM(1.0),27/02/26 23:00:00,Monthly,Imports,Kerosene-type jet fuel (excluding biofuel portion),Thousand tonnes,North Macedonia,2025-01,3.529,,
ESTAT:NRG_CB_OILM(1.0),27/02/26 23:00:00,Monthly,Imports,Kerosene-type jet fuel (excluding biofuel portion),Thousand tonnes,North Macedonia,2025-02,3.572,,
ESTAT:NRG_CB_OILM(1.0),27/02/26 23:00:00,Monthly,Imports,Kerosene-type jet fuel (excluding biofuel portion),Thousand tonnes,North Macedonia,2025-03,3.114,,
ESTAT:NRG_CB_OILM(1.0),27/02/26 23:00:00,Monthly,Imports,Kerosene-type jet fuel (excluding biofuel portion),Thousand tonnes,North Macedonia,2025-04,3.701,,
ESTAT:NRG_CB_OILM(1.0),27/02/26 23:00:00,Monthly,Imports,Kerosene-type jet fuel (excluding biofuel portion),Thousand tonnes,North Macedonia,2025-05,4.251,,
ESTAT:NRG_CB_OILM(1.0),27/02/26 23:00:00,Monthly,Imports,Kerosene-type jet fuel (excluding biofuel portion),Thousand tonnes,North Macedonia,2025-06,4.857,,
ESTAT:NRG_CB_OILM(1.0),27/02/26 23:00:00,Monthly,Imports,Kerosene-type jet fuel (excluding biofuel portion),Thousand tonnes,North Macedonia,2025-07,4.605,,
ESTAT:NRG_CB_OILM(1.0),27/02/26 23:00:00,Monthly,Imports,Kerosene-type jet fuel (excluding biofuel portion),Thousand tonnes,North Macedonia,2025-08,3.936,,
ESTAT:NRG_CB_OILM(1.0),27/02/26 23:00:00,Monthly,Imports,Kerosene-type jet fuel (excluding biofuel portion),Thousand tonnes,North Macedonia,2025-09,4.295,,
ESTAT:NRG_CB_OILM(1.0),27/02/26 23:00:00,Monthly,Imports,Kerosene-type jet fuel (excluding biofuel portion),Thousand tonnes,North Macedonia,2025-10,4.236,,
ESTAT:NRG_CB_OILM(1.0),27/02/26 23:00:00,Monthly,Imports,Kerosene-type jet fuel (excluding biofuel portion),Thousand tonnes,North Macedonia,2025-11,4.001,,
ESTAT:NRG_CB_OILM(1.0),27/02/26 23:00:00,Monthly,Imports,Kerosene-type jet fuel (excluding biofuel portion),Thousand tonnes,Malta,2024-12,0.000,,
ESTAT:NRG_CB_OILM(1.0),27/02/26 23:00:00,Monthly,Imports,Kerosene-type jet fuel (excluding biofuel portion),Thousand tonnes,Malta,2025-01,18.951,,
ESTAT:NRG_CB_OILM(1.0),27/02/26 23:00:00,Monthly,Imports,Kerosene-type jet fuel (excluding biofuel portion),Thousand tonnes,Malta,2025-02,5.003,,
ESTAT:NRG_CB_OILM(1.0),27/02/26 23:00:00,Monthly,Imports,Kerosene-type jet fuel (excluding biofuel portion),Thousand tonnes,Malta,2025-03,10.484,,
ESTAT:NRG_CB_OILM(1.0),27/02/26 23:00:00,Monthly,Imports,Kerosene-type jet fuel (excluding biofuel portion),Thousand tonnes,Malta,2025-04,16.510,,
ESTAT:NRG_CB_OILM(1.0),27/02/26 23:00:00,Monthly,Imports,Kerosene-type jet fuel (excluding biofuel portion),Thousand tonnes,Malta,2025-05,15.665,,
ESTAT:NRG_CB_OILM(1.0),27/02/26 23:00:00,Monthly,Imports,Kerosene-type jet fuel (excluding biofuel portion),Thousand tonnes,Malta,2025-06,13.804,,
ESTAT:NRG_CB_OILM(1.0),27/02/26 23:00:00,Monthly,Imports,Kerosene-type jet fuel (excluding biofuel portion),Thousand tonnes,Malta,2025-07,30.054,,
ESTAT:NRG_CB_OILM(1.0),27/02/26 23:00:00,Monthly,Imports,Kerosene-type jet fuel (excluding biofuel portion),Thousand tonnes,Malta,2025-08,11.974,,
ESTAT:NRG_CB_OILM(1.0),27/02/26 23:00:00,Monthly,Imports,Kerosene-type jet fuel (excluding biofuel portion),Thousand tonnes,Malta,2025-09,16.867,,
ESTAT:NRG_CB_OILM(1.0),27/02/26 23:00:00,Monthly,Imports,Kerosene-type jet fuel (excluding biofuel portion),Thousand tonnes,Malta,2025-10,20.380,,
ESTAT:NRG_CB_OILM(1.0),27/02/26 23:00:00,Monthly,Imports,Kerosene-type jet fuel (excluding biofuel portion),Thousand tonnes,Malta,2025-11,13.249,,
ESTAT:NRG_CB_OILM(1.0),27/02/26 23:00:00,Monthly,Imports,Kerosene-type jet fuel (excluding biofuel portion),Thousand tonnes,Netherlands,2024-12,217.580,,
ESTAT:NRG_CB_OILM(1.0),27/02/26 23:00:00,Monthly,Imports,Kerosene-type jet fuel (excluding biofuel portion),Thousand tonnes,Netherlands,2025-01,59.573,,
ESTAT:NRG_CB_OILM(1.0),27/02/26 23:00:00,Monthly,Imports,Kerosene-type jet fuel (excluding biofuel portion),Thousand tonnes,Netherlands,2025-02,369.735,,
ESTAT:NRG_CB_OILM(1.0),27/02/26 23:00:00,Monthly,Imports,Kerosene-type jet fuel (excluding biofuel portion),Thousand tonnes,Netherlands,2025-03,402.129,,
ESTAT:NRG_CB_OILM(1.0),27/02/26 23:00:00,Monthly,Imports,Kerosene-type jet fuel (excluding biofuel portion),Thousand tonnes,Netherlands,2025-04,249.316,,
ESTAT:NRG_CB_OILM(1.0),27/02/26 23:00:00,Monthly,Imports,Kerosene-type jet fuel (excluding biofuel portion),Thousand tonnes,Netherlands,2025-05,349.773,,
ESTAT:NRG_CB_OILM(1.0),27/02/26 23:00:00,Monthly,Imports,Kerosene-type jet fuel (excluding biofuel portion),Thousand tonnes,Netherlands,2025-06,450.806,,
ESTAT:NRG_CB_OILM(1.0),27/02/26 23:00:00,Monthly,Imports,Kerosene-type jet fuel (excluding biofuel portion),Thousand tonnes,Netherlands,2025-07,289.511,,
ESTAT:NRG_CB_OILM(1.0),27/02/26 23:00:00,Monthly,Imports,Kerosene-type jet fuel (excluding biofuel portion),Thousand tonnes,Netherlands,2025-08,457.528,,
ESTAT:NRG_CB_OILM(1.0),27/02/26 23:00:00,Monthly,Imports,Kerosene-type jet fuel (excluding biofuel portion),Thousand tonnes,Netherlands,2025-09,593.154,,
ESTAT:NRG_CB_OILM(1.0),27/02/26 23:00:00,Monthly,Imports,Kerosene-type jet fuel (excluding biofuel portion),Thousand tonnes,Netherlands,2025-10,463.369,,
ESTAT:NRG_CB_OILM(1.0),27/02/26 23:00:00,Monthly,Imports,Kerosene-type jet fuel (excluding biofuel portion),Thousand tonnes,Netherlands,2025-11,348.813,,
ESTAT:NRG_CB_OILM(1.0),27/02/26 23:00:00,Monthly,Imports,Kerosene-type jet fuel (excluding biofuel portion),Thousand tonnes,Norway,2024-12,21.841,,
ESTAT:NRG_CB_OILM(1.0),27/02/26 23:00:00,Monthly,Imports,Kerosene-type jet fuel (excluding biofuel portion),Thousand tonnes,Norway,2025-01,22.436,,
ESTAT:NRG_CB_OILM(1.0),27/02/26 23:00:00,Monthly,Imports,Kerosene-type jet fuel (excluding biofuel portion),Thousand tonnes,Norway,2025-02,29.537,,
ESTAT:NRG_CB_OILM(1.0),27/02/26 23:00:00,Monthly,Imports,Kerosene-type jet fuel (excluding biofuel portion),Thousand tonnes,Norway,2025-03,26.318,,
ESTAT:NRG_CB_OILM(1.0),27/02/26 23:00:00,Monthly,Imports,Kerosene-type jet fuel (excluding biofuel portion),Thousand tonnes,Norway,2025-04,32.539,,
ESTAT:NRG_CB_OILM(1.0),27/02/26 23:00:00,Monthly,Imports,Kerosene-type jet fuel (excluding biofuel portion),Thousand tonnes,Norway,2025-05,43.914,,
ESTAT:NRG_CB_OILM(1.0),27/02/26 23:00:00,Monthly,Imports,Kerosene-type jet fuel (excluding biofuel portion),Thousand tonnes,Norway,2025-06,38.399,,
ESTAT:NRG_CB_OILM(1.0),27/02/26 23:00:00,Monthly,Imports,Kerosene-type jet fuel (excluding biofuel portion),Thousand tonnes,Norway,2025-07,27.187,,
ESTAT:NRG_CB_OILM(1.0),27/02/26 23:00:00,Monthly,Imports,Kerosene-type jet fuel (excluding biofuel portion),Thousand tonnes,Norway,2025-08,30.161,,
ESTAT:NRG_CB_OILM(1.0),27/02/26 23:00:00,Monthly,Imports,Kerosene-type jet fuel (excluding biofuel portion),Thousand tonnes,Norway,2025-09,66.453,,
ESTAT:NRG_CB_OILM(1.0),27/02/26 23:00:00,Monthly,Imports,Kerosene-type jet fuel (excluding biofuel portion),Thousand tonnes,Norway,2025-10,39.826,,
ESTAT:NRG_CB_OILM(1.0),27/02/26 23:00:00,Monthly,Imports,Kerosene-type jet fuel (excluding biofuel portion),Thousand tonnes,Norway,2025-11,29.838,,
ESTAT:NRG_CB_OILM(1.0),27/02/26 23:00:00,Monthly,Imports,Kerosene-type jet fuel (excluding biofuel portion),Thousand tonnes,Poland,2024-12,0.000,,
ESTAT:NRG_CB_OILM(1.0),27/02/26 23:00:00,Monthly,Imports,Kerosene-type jet fuel (excluding biofuel portion),Thousand tonnes,Poland,2025-01,0.000,,
ESTAT:NRG_CB_OILM(1.0),27/02/26 23:00:00,Monthly,Imports,Kerosene-type jet fuel (excluding biofuel portion),Thousand tonnes,Poland,2025-02,0.026,,
ESTAT:NRG_CB_OILM(1.0),27/02/26 23:00:00,Monthly,Imports,Kerosene-type jet fuel (excluding biofuel portion),Thousand tonnes,Poland,2025-03,4.185,,
ESTAT:NRG_CB_OILM(1.0),27/02/26 23:00:00,Monthly,Imports,Kerosene-type jet fuel (excluding biofuel portion),Thousand tonnes,Poland,2025-04,0.205,,
ESTAT:NRG_CB_OILM(1.0),27/02/26 23:00:00,Monthly,Imports,Kerosene-type jet fuel (excluding biofuel portion),Thousand tonnes,Poland,2025-05,0.256,,
ESTAT:NRG_CB_OILM(1.0),27/02/26 23:00:00,Monthly,Imports,Kerosene-type jet fuel (excluding biofuel portion),Thousand tonnes,Poland,2025-06,1.533,,
ESTAT:NRG_CB_OILM(1.0),27/02/26 23:00:00,Monthly,Imports,Kerosene-type jet fuel (excluding biofuel portion),Thousand tonnes,Poland,2025-07,0.931,,
ESTAT:NRG_CB_OILM(1.0),27/02/26 23:00:00,Monthly,Imports,Kerosene-type jet fuel (excluding biofuel portion),Thousand tonnes,Poland,2025-08,2.447,,
ESTAT:NRG_CB_OILM(1.0),27/02/26 23:00:00,Monthly,Imports,Kerosene-type jet fuel (excluding biofuel portion),Thousand tonnes,Poland,2025-09,2.218,,
ESTAT:NRG_CB_OILM(1.0),27/02/26 23:00:00,Monthly,Imports,Kerosene-type jet fuel (excluding biofuel portion),Thousand tonnes,Poland,2025-10,5.235,,
ESTAT:NRG_CB_OILM(1.0),27/02/26 23:00:00,Monthly,Imports,Kerosene-type jet fuel (excluding biofuel portion),Thousand tonnes,Poland,2025-11,3.498,,
ESTAT:NRG_CB_OILM(1.0),27/02/26 23:00:00,Monthly,Imports,Kerosene-type jet fuel (excluding biofuel portion),Thousand tonnes,Portugal,2024-12,0.844,,
ESTAT:NRG_CB_OILM(1.0),27/02/26 23:00:00,Monthly,Imports,Kerosene-type jet fuel (excluding biofuel portion),Thousand tonnes,Portugal,2025-01,0.000,,
ESTAT:NRG_CB_OILM(1.0),27/02/26 23:00:00,Monthly,Imports,Kerosene-type jet fuel (excluding biofuel portion),Thousand tonnes,Portugal,2025-02,12.431,,
ESTAT:NRG_CB_OILM(1.0),27/02/26 23:00:00,Monthly,Imports,Kerosene-type jet fuel (excluding biofuel portion),Thousand tonnes,Portugal,2025-03,6.115,,
ESTAT:NRG_CB_OILM(1.0),27/02/26 23:00:00,Monthly,Imports,Kerosene-type jet fuel (excluding biofuel portion),Thousand tonnes,Portugal,2025-04,10.065,,
ESTAT:NRG_CB_OILM(1.0),27/02/26 23:00:00,Monthly,Imports,Kerosene-type jet fuel (excluding biofuel portion),Thousand tonnes,Portugal,2025-05,75.084,,
ESTAT:NRG_CB_OILM(1.0),27/02/26 23:00:00,Monthly,Imports,Kerosene-type jet fuel (excluding biofuel portion),Thousand tonnes,Portugal,2025-06,30.000,,
ESTAT:NRG_CB_OILM(1.0),27/02/26 23:00:00,Monthly,Imports,Kerosene-type jet fuel (excluding biofuel portion),Thousand tonnes,Portugal,2025-07,75.780,,
ESTAT:NRG_CB_OILM(1.0),27/02/26 23:00:00,Monthly,Imports,Kerosene-type jet fuel (excluding biofuel portion),Thousand tonnes,Portugal,2025-08,101.567,,
ESTAT:NRG_CB_OILM(1.0),27/02/26 23:00:00,Monthly,Imports,Kerosene-type jet fuel (excluding biofuel portion),Thousand tonnes,Portugal,2025-09,92.946,,
ESTAT:NRG_CB_OILM(1.0),27/02/26 23:00:00,Monthly,Imports,Kerosene-type jet fuel (excluding biofuel portion),Thousand tonnes,Portugal,2025-10,80.041,,
ESTAT:NRG_CB_OILM(1.0),27/02/26 23:00:00,Monthly,Imports,Kerosene-type jet fuel (excluding biofuel portion),Thousand tonnes,Portugal,2025-11,60.000,,
ESTAT:NRG_CB_OILM(1.0),27/02/26 23:00:00,Monthly,Imports,Kerosene-type jet fuel (excluding biofuel portion),Thousand tonnes,Romania,2024-12,5.000,,
ESTAT:NRG_CB_OILM(1.0),27/02/26 23:00:00,Monthly,Imports,Kerosene-type jet fuel (excluding biofuel portion),Thousand tonnes,Romania,2025-01,0.000,,
ESTAT:NRG_CB_OILM(1.0),27/02/26 23:00:00,Monthly,Imports,Kerosene-type jet fuel (excluding biofuel portion),Thousand tonnes,Romania,2025-02,0.000,,
ESTAT:NRG_CB_OILM(1.0),27/02/26 23:00:00,Monthly,Imports,Kerosene-type jet fuel (excluding biofuel portion),Thousand tonnes,Romania,2025-03,10.000,,
ESTAT:NRG_CB_OILM(1.0),27/02/26 23:00:00,Monthly,Imports,Kerosene-type jet fuel (excluding biofuel portion),Thousand tonnes,Romania,2025-04,2.000,,
ESTAT:NRG_CB_OILM(1.0),27/02/26 23:00:00,Monthly,Imports,Kerosene-type jet fuel (excluding biofuel portion),Thousand tonnes,Romania,2025-05,6.000,,
ESTAT:NRG_CB_OILM(1.0),27/02/26 23:00:00,Monthly,Imports,Kerosene-type jet fuel (excluding biofuel portion),Thousand tonnes,Romania,2025-06,0.000,,
ESTAT:NRG_CB_OILM(1.0),27/02/26 23:00:00,Monthly,Imports,Kerosene-type jet fuel (excluding biofuel portion),Thousand tonnes,Romania,2025-07,2.000,,
ESTAT:NRG_CB_OILM(1.0),27/02/26 23:00:00,Monthly,Imports,Kerosene-type jet fuel (excluding biofuel portion),Thousand tonnes,Romania,2025-08,10.000,,
ESTAT:NRG_CB_OILM(1.0),27/02/26 23:00:00,Monthly,Imports,Kerosene-type jet fuel (excluding biofuel portion),Thousand tonnes,Romania,2025-09,0.000,,
ESTAT:NRG_CB_OILM(1.0),27/02/26 23:00:00,Monthly,Imports,Kerosene-type jet fuel (excluding biofuel portion),Thousand tonnes,Romania,2025-10,5.000,,
ESTAT:NRG_CB_OILM(1.0),27/02/26 23:00:00,Monthly,Imports,Kerosene-type jet fuel (excluding biofuel portion),Thousand tonnes,Romania,2025-11,2.000,,
ESTAT:NRG_CB_OILM(1.0),27/02/26 23:00:00,Monthly,Imports,Kerosene-type jet fuel (excluding biofuel portion),Thousand tonnes,Serbia,2024-12,0.616,,
ESTAT:NRG_CB_OILM(1.0),27/02/26 23:00:00,Monthly,Imports,Kerosene-type jet fuel (excluding biofuel portion),Thousand tonnes,Serbia,2025-01,0.645,,
ESTAT:NRG_CB_OILM(1.0),27/02/26 23:00:00,Monthly,Imports,Kerosene-type jet fuel (excluding biofuel portion),Thousand tonnes,Serbia,2025-02,0.444,,
ESTAT:NRG_CB_OILM(1.0),27/02/26 23:00:00,Monthly,Imports,Kerosene-type jet fuel (excluding biofuel portion),Thousand tonnes,Serbia,2025-03,0.549,,
ESTAT:NRG_CB_OILM(1.0),27/02/26 23:00:00,Monthly,Imports,Kerosene-type jet fuel (excluding biofuel portion),Thousand tonnes,Serbia,2025-04,0.629,,
ESTAT:NRG_CB_OILM(1.0),27/02/26 23:00:00,Monthly,Imports,Kerosene-type jet fuel (excluding biofuel portion),Thousand tonnes,Serbia,2025-05,0.714,,
ESTAT:NRG_CB_OILM(1.0),27/02/26 23:00:00,Monthly,Imports,Kerosene-type jet fuel (excluding biofuel portion),Thousand tonnes,Serbia,2025-06,0.711,,
ESTAT:NRG_CB_OILM(1.0),27/02/26 23:00:00,Monthly,Imports,Kerosene-type jet fuel (excluding biofuel portion),Thousand tonnes,Serbia,2025-07,0.805,,
ESTAT:NRG_CB_OILM(1.0),27/02/26 23:00:00,Monthly,Imports,Kerosene-type jet fuel (excluding biofuel portion),Thousand tonnes,Serbia,2025-08,0.822,,
ESTAT:NRG_CB_OILM(1.0),27/02/26 23:00:00,Monthly,Imports,Kerosene-type jet fuel (excluding biofuel portion),Thousand tonnes,Serbia,2025-09,0.796,,
ESTAT:NRG_CB_OILM(1.0),27/02/26 23:00:00,Monthly,Imports,Kerosene-type jet fuel (excluding biofuel portion),Thousand tonnes,Serbia,2025-10,1.088,,
ESTAT:NRG_CB_OILM(1.0),27/02/26 23:00:00,Monthly,Imports,Kerosene-type jet fuel (excluding biofuel portion),Thousand tonnes,Serbia,2025-11,0.000,,
ESTAT:NRG_CB_OILM(1.0),27/02/26 23:00:00,Monthly,Imports,Kerosene-type jet fuel (excluding biofuel portion),Thousand tonnes,Sweden,2024-12,27.536,,
ESTAT:NRG_CB_OILM(1.0),27/02/26 23:00:00,Monthly,Imports,Kerosene-type jet fuel (excluding biofuel portion),Thousand tonnes,Sweden,2025-01,36.031,,
ESTAT:NRG_CB_OILM(1.0),27/02/26 23:00:00,Monthly,Imports,Kerosene-type jet fuel (excluding biofuel portion),Thousand tonnes,Sweden,2025-02,22.226,,
ESTAT:NRG_CB_OILM(1.0),27/02/26 23:00:00,Monthly,Imports,Kerosene-type jet fuel (excluding biofuel portion),Thousand tonnes,Sweden,2025-03,58.554,,
ESTAT:NRG_CB_OILM(1.0),27/02/26 23:00:00,Monthly,Imports,Kerosene-type jet fuel (excluding biofuel portion),Thousand tonnes,Sweden,2025-04,43.997,,
ESTAT:NRG_CB_OILM(1.0),27/02/26 23:00:00,Monthly,Imports,Kerosene-type jet fuel (excluding biofuel portion),Thousand tonnes,Sweden,2025-05,31.805,,
ESTAT:NRG_CB_OILM(1.0),27/02/26 23:00:00,Monthly,Imports,Kerosene-type jet fuel (excluding biofuel portion),Thousand tonnes,Sweden,2025-06,93.092,,
ESTAT:NRG_CB_OILM(1.0),27/02/26 23:00:00,Monthly,Imports,Kerosene-type jet fuel (excluding biofuel portion),Thousand tonnes,Sweden,2025-07,73.610,,
ESTAT:NRG_CB_OILM(1.0),27/02/26 23:00:00,Monthly,Imports,Kerosene-type jet fuel (excluding biofuel portion),Thousand tonnes,Sweden,2025-08,80.178,,
ESTAT:NRG_CB_OILM(1.0),27/02/26 23:00:00,Monthly,Imports,Kerosene-type jet fuel (excluding biofuel portion),Thousand tonnes,Sweden,2025-09,117.883,,
ESTAT:NRG_CB_OILM(1.0),27/02/26 23:00:00,Monthly,Imports,Kerosene-type jet fuel (excluding biofuel portion),Thousand tonnes,Sweden,2025-10,59.391,,
ESTAT:NRG_CB_OILM(1.0),27/02/26 23:00:00,Monthly,Imports,Kerosene-type jet fuel (excluding biofuel portion),Thousand tonnes,Sweden,2025-11,17.339,,
ESTAT:NRG_CB_OILM(1.0),27/02/26 23:00:00,Monthly,Imports,Kerosene-type jet fuel (excluding biofuel portion),Thousand tonnes,Slovenia,2024-12,31.000,,
ESTAT:NRG_CB_OILM(1.0),27/02/26 23:00:00,Monthly,Imports,Kerosene-type jet fuel (excluding biofuel portion),Thousand tonnes,Slovenia,2025-01,35.000,,
ESTAT:NRG_CB_OILM(1.0),27/02/26 23:00:00,Monthly,Imports,Kerosene-type jet fuel (excluding biofuel portion),Thousand tonnes,Slovenia,2025-02,24.000,,
ESTAT:NRG_CB_OILM(1.0),27/02/26 23:00:00,Monthly,Imports,Kerosene-type jet fuel (excluding biofuel portion),Thousand tonnes,Slovenia,2025-03,36.000,,
ESTAT:NRG_CB_OILM(1.0),27/02/26 23:00:00,Monthly,Imports,Kerosene-type jet fuel (excluding biofuel portion),Thousand tonnes,Slovenia,2025-04,41.000,,
ESTAT:NRG_CB_OILM(1.0),27/02/26 23:00:00,Monthly,Imports,Kerosene-type jet fuel (excluding biofuel portion),Thousand tonnes,Slovenia,2025-05,39.000,,
ESTAT:NRG_CB_OILM(1.0),27/02/26 23:00:00,Monthly,Imports,Kerosene-type jet fuel (excluding biofuel portion),Thousand tonnes,Slovenia,2025-06,45.000,,
ESTAT:NRG_CB_OILM(1.0),27/02/26 23:00:00,Monthly,Imports,Kerosene-type jet fuel (excluding biofuel portion),Thousand tonnes,Slovenia,2025-07,58.000,,
ESTAT:NRG_CB_OILM(1.0),27/02/26 23:00:00,Monthly,Imports,Kerosene-type jet fuel (excluding biofuel portion),Thousand tonnes,Slovenia,2025-08,46.000,,
ESTAT:NRG_CB_OILM(1.0),27/02/26 23:00:00,Monthly,Imports,Kerosene-type jet fuel (excluding biofuel portion),Thousand tonnes,Slovenia,2025-09,55.000,,
ESTAT:NRG_CB_OILM(1.0),27/02/26 23:00:00,Monthly,Imports,Kerosene-type jet fuel (excluding biofuel portion),Thousand tonnes,Slovenia,2025-10,54.000,,
ESTAT:NRG_CB_OILM(1.0),27/02/26 23:00:00,Monthly,Imports,Kerosene-type jet fuel (excluding biofuel portion),Thousand tonnes,Slovenia,2025-11,20.000,,
ESTAT:NRG_CB_OILM(1.0),27/02/26 23:00:00,Monthly,Imports,Kerosene-type jet fuel (excluding biofuel portion),Thousand tonnes,Slovakia,2024-12,0.000,,
ESTAT:NRG_CB_OILM(1.0),27/02/26 23:00:00,Monthly,Imports,Kerosene-type jet fuel (excluding biofuel portion),Thousand tonnes,Slovakia,2025-01,0.000,,
ESTAT:NRG_CB_OILM(1.0),27/02/26 23:00:00,Monthly,Imports,Kerosene-type jet fuel (excluding biofuel portion),Thousand tonnes,Slovakia,2025-02,0.000,,
ESTAT:NRG_CB_OILM(1.0),27/02/26 23:00:00,Monthly,Imports,Kerosene-type jet fuel (excluding biofuel portion),Thousand tonnes,Slovakia,2025-03,0.000,,
ESTAT:NRG_CB_OILM(1.0),27/02/26 23:00:00,Monthly,Imports,Kerosene-type jet fuel (excluding biofuel portion),Thousand tonnes,Slovakia,2025-04,0.000,,
ESTAT:NRG_CB_OILM(1.0),27/02/26 23:00:00,Monthly,Imports,Kerosene-type jet fuel (excluding biofuel portion),Thousand tonnes,Slovakia,2025-05,0.181,,
ESTAT:NRG_CB_OILM(1.0),27/02/26 23:00:00,Monthly,Imports,Kerosene-type jet fuel (excluding biofuel portion),Thousand tonnes,Slovakia,2025-06,0.220,,
ESTAT:NRG_CB_OILM(1.0),27/02/26 23:00:00,Monthly,Imports,Kerosene-type jet fuel (excluding biofuel portion),Thousand tonnes,Slovakia,2025-07,0.000,,
ESTAT:NRG_CB_OILM(1.0),27/02/26 23:00:00,Monthly,Imports,Kerosene-type jet fuel (excluding biofuel portion),Thousand tonnes,Slovakia,2025-08,0.000,,
ESTAT:NRG_CB_OILM(1.0),27/02/26 23:00:00,Monthly,Imports,Kerosene-type jet fuel (excluding biofuel portion),Thousand tonnes,Slovakia,2025-09,0.000,,
ESTAT:NRG_CB_OILM(1.0),27/02/26 23:00:00,Monthly,Imports,Kerosene-type jet fuel (excluding biofuel portion),Thousand tonnes,Slovakia,2025-10,0.000,,
ESTAT:NRG_CB_OILM(1.0),27/02/26 23:00:00,Monthly,Imports,Kerosene-type jet fuel (excluding biofuel portion),Thousand tonnes,Slovakia,2025-11,1.168,,
ESTAT:NRG_CB_OILM(1.0),27/02/26 23:00:00,Monthly,Imports,Kerosene-type jet fuel (excluding biofuel portion),Thousand tonnes,Türkiye,2024-12,74.353,,
ESTAT:NRG_CB_OILM(1.0),27/02/26 23:00:00,Monthly,Imports,Kerosene-type jet fuel (excluding biofuel portion),Thousand tonnes,Türkiye,2025-01,59.744,,
ESTAT:NRG_CB_OILM(1.0),27/02/26 23:00:00,Monthly,Imports,Kerosene-type jet fuel (excluding biofuel portion),Thousand tonnes,Türkiye,2025-02,54.285,,
ESTAT:NRG_CB_OILM(1.0),27/02/26 23:00:00,Monthly,Imports,Kerosene-type jet fuel (excluding biofuel portion),Thousand tonnes,Türkiye,2025-03,81.393,,
ESTAT:NRG_CB_OILM(1.0),27/02/26 23:00:00,Monthly,Imports,Kerosene-type jet fuel (excluding biofuel portion),Thousand tonnes,Türkiye,2025-04,84.002,,
ESTAT:NRG_CB_OILM(1.0),27/02/26 23:00:00,Monthly,Imports,Kerosene-type jet fuel (excluding biofuel portion),Thousand tonnes,Türkiye,2025-05,66.538,,
ESTAT:NRG_CB_OILM(1.0),27/02/26 23:00:00,Monthly,Imports,Kerosene-type jet fuel (excluding biofuel portion),Thousand tonnes,Türkiye,2025-06,95.358,,
ESTAT:NRG_CB_OILM(1.0),27/02/26 23:00:00,Monthly,Imports,Kerosene-type jet fuel (excluding biofuel portion),Thousand tonnes,Türkiye,2025-07,124.146,,
ESTAT:NRG_CB_OILM(1.0),27/02/26 23:00:00,Monthly,Imports,Kerosene-type jet fuel (excluding biofuel portion),Thousand tonnes,Türkiye,2025-08,99.705,,
ESTAT:NRG_CB_OILM(1.0),27/02/26 23:00:00,Monthly,Imports,Kerosene-type jet fuel (excluding biofuel portion),Thousand tonnes,Türkiye,2025-09,114.278,,
ESTAT:NRG_CB_OILM(1.0),27/02/26 23:00:00,Monthly,Imports,Kerosene-type jet fuel (excluding biofuel portion),Thousand tonnes,Türkiye,2025-10,35.018,,
ESTAT:NRG_CB_OILM(1.0),27/02/26 23:00:00,Monthly,Imports,Kerosene-type jet fuel (excluding biofuel portion),Thousand tonnes,Türkiye,2025-11,64.126,,
