country,base_scenario,tech_scenario,year,ch4_share,h2_share,dri_total,steel_production,dri_share_of_steel
AT,GA,full-bf-bof-ccus,2019,,,0.0,7592214.0,0.0
AT,GA,full-bf-bof-ccus,2020,,,0.0,7592214.0,0.0
AT,GA,full-bf-bof-ccus,2021,,,0.0,7592214.0,0.0
AT,GA,full-bf-bof-ccus,2022,,,0.0,7592214.0,0.0
AT,GA,full-bf-bof-ccus,2023,,,0.0,7592214.0,0.0
AT,GA,full-bf-bof-ccus,2024,,,0.0,7592214.0,0.0
AT,GA,full-bf-bof-ccus,2025,,,0.0,7592214.0,0.0
AT,GA,full-bf-bof-ccus,2026,,,0.0,7592214.0,0.0
AT,GA,full-bf-bof-ccus,2027,,,0.0,7592214.0,0.0
AT,GA,full-bf-bof-ccus,2028,,,0.0,7592214.0,0.0
AT,GA,full-bf-bof-ccus,2029,,,0.0,7592214.0,0.0
AT,GA,full-bf-bof-ccus,2030,,,0.0,7592214.0,0.0
AT,GA,full-bf-bof-ccus,2031,,,0.0,7592214.0,0.0
AT,GA,full-bf-bof-ccus,2032,,,0.0,7592214.0,0.0
AT,GA,full-bf-bof-ccus,2033,,,0.0,7592214.0,0.0
AT,GA,full-bf-bof-ccus,2034,,,0.0,7592214.0,0.0
AT,GA,full-bf-bof-ccus,2035,,,0.0,7592214.0,0.0
AT,GA,full-bf-bof-ccus,2036,1.0,0.0,120897.43609548386,7592214.0,0.015923870967741935
AT,GA,full-bf-bof-ccus,2037,1.0,0.0,237177.49989161288,7592214.0,0.031239569892473115
AT,GA,full-bf-bof-ccus,2038,1.0,0.0,348840.19138838706,7592214.0,0.04594709677419354
AT,GA,full-bf-bof-ccus,2039,1.0,0.0,455885.5105858064,7592214.0,0.060046451612903215
AT,GA,full-bf-bof-ccus,2040,1.0,0.0,558313.457483871,7592214.0,0.07353763440860216
AT,GA,full-bf-bof-ccus,2041,0.9,0.1,656124.0320825806,7592214.0,0.08642064516129032
AT,GA,full-bf-bof-ccus,2042,0.8,0.2,749317.2343819354,7592214.0,0.09869548387096774
AT,GA,full-bf-bof-ccus,2043,0.7,0.3,837893.0643819354,7592214.0,0.1103621505376344
AT,GA,full-bf-bof-ccus,2044,0.6,0.4,921851.5220825807,7592214.0,0.12142064516129034
AT,GA,full-bf-bof-ccus,2045,0.5,0.5,1001192.6074838709,7592214.0,0.1318709677419355
AT,GA,full-bf-bof-ccus,2046,0.4,0.6,1075916.3205858064,7592214.0,0.1417131182795699
AT,GA,full-bf-bof-ccus,2047,0.30000000000000004,0.7,1146022.661388387,7592214.0,0.15094709677419355
AT,GA,full-bf-bof-ccus,2048,0.19999999999999996,0.8,1211511.629891613,7592214.0,0.15957290322580647
AT,GA,full-bf-bof-ccus,2049,0.09999999999999998,0.9,1272383.2260954839,7592214.0,0.1675905376344086
AT,GA,full-bf-bof-ccus,2050,0.0,1.0,1328637.45,7592214.0,0.175
BE,GA,full-bf-bof-ccus,2019,,,0.0,7759543.0,0.0
BE,GA,full-bf-bof-ccus,2020,,,0.0,7759543.0,0.0
BE,GA,full-bf-bof-ccus,2021,,,0.0,7759543.0,0.0
BE,GA,full-bf-bof-ccus,2022,,,0.0,7759543.0,0.0
BE,GA,full-bf-bof-ccus,2023,,,0.0,7759543.0,0.0
BE,GA,full-bf-bof-ccus,2024,,,0.0,7759543.0,0.0
BE,GA,full-bf-bof-ccus,2025,,,0.0,7759543.0,0.0
BE,GA,full-bf-bof-ccus,2026,,,0.0,7759543.0,0.0
BE,GA,full-bf-bof-ccus,2027,,,0.0,7759543.0,0.0
BE,GA,full-bf-bof-ccus,2028,,,0.0,7759543.0,0.0
BE,GA,full-bf-bof-ccus,2029,,,0.0,7759543.0,0.0
BE,GA,full-bf-bof-ccus,2030,,,0.0,7759543.0,0.0
BE,GA,full-bf-bof-ccus,2031,,,0.0,7759543.0,0.0
BE,GA,full-bf-bof-ccus,2032,,,0.0,7759543.0,0.0
BE,GA,full-bf-bof-ccus,2033,,,0.0,7759543.0,0.0
BE,GA,full-bf-bof-ccus,2034,,,0.0,7759543.0,0.0
BE,GA,full-bf-bof-ccus,2035,,,0.0,7759543.0,0.0
BE,GA,full-bf-bof-ccus,2036,1.0,0.0,104837.26644623655,7759543.0,0.013510752688172041
BE,GA,full-bf-bof-ccus,2037,1.0,0.0,207630.3522096774,7759543.0,0.02675806451612903
BE,GA,full-bf-bof-ccus,2038,1.0,0.0,308379.2572903225,7759543.0,0.039741935483870956
BE,GA,full-bf-bof-ccus,2039,1.0,0.0,407083.98168817203,7759543.0,0.05246236559139785
BE,GA,full-bf-bof-ccus,2040,1.0,0.0,503744.52540322574,7759543.0,0.06491935483870967
BE,GA,full-bf-bof-ccus,2041,0.9,0.1,598360.8884354838,7759543.0,0.07711290322580644
BE,GA,full-bf-bof-ccus,2042,0.8,0.2,690933.0707849463,7759543.0,0.08904301075268818
BE,GA,full-bf-bof-ccus,2043,0.7,0.3,781461.0724516128,7759543.0,0.10070967741935483
BE,GA,full-bf-bof-ccus,2044,0.6,0.4,869944.8934354839,7759543.0,0.11211290322580646
BE,GA,full-bf-bof-ccus,2045,0.5,0.5,956384.5337365591,7759543.0,0.123252688172043
BE,GA,full-bf-bof-ccus,2046,0.4,0.6,1040779.9933548387,7759543.0,0.13412903225806452
BE,GA,full-bf-bof-ccus,2047,0.30000000000000004,0.7,1123131.2722903225,7759543.0,0.14474193548387096
BE,GA,full-bf-bof-ccus,2048,0.19999999999999996,0.8,1203438.3705430108,7759543.0,0.15509139784946235
BE,GA,full-bf-bof-ccus,2049,0.09999999999999998,0.9,1281701.2881129032,7759543.0,0.1651774193548387
BE,GA,full-bf-bof-ccus,2050,0.0,1.0,1357920.025,7759543.0,0.175
BG,GA,full-bf-bof-ccus,2019,,,0.0,565900.0,0.0
BG,GA,full-bf-bof-ccus,2020,,,0.0,565900.0,0.0
BG,GA,full-bf-bof-ccus,2021,,,0.0,565900.0,0.0
BG,GA,full-bf-bof-ccus,2022,,,0.0,565900.0,0.0
BG,GA,full-bf-bof-ccus,2023,,,0.0,565900.0,0.0
BG,GA,full-bf-bof-ccus,2024,,,0.0,565900.0,0.0
BG,GA,full-bf-bof-ccus,2025,,,0.0,565900.0,0.0
BG,GA,full-bf-bof-ccus,2026,,,0.0,565900.0,0.0
BG,GA,full-bf-bof-ccus,2027,,,0.0,565900.0,0.0
BG,GA,full-bf-bof-ccus,2028,,,0.0,565900.0,0.0
BG,GA,full-bf-bof-ccus,2029,,,0.0,565900.0,0.0
BG,GA,full-bf-bof-ccus,2030,,,0.0,565900.0,0.0
BG,GA,full-bf-bof-ccus,2031,,,0.0,565900.0,0.0
BG,GA,full-bf-bof-ccus,2032,,,0.0,565900.0,0.0
BG,GA,full-bf-bof-ccus,2033,,,0.0,565900.0,0.0
BG,GA,full-bf-bof-ccus,2034,,,0.0,565900.0,0.0
BG,GA,full-bf-bof-ccus,2035,,,0.0,565900.0,0.0
BG,GA,full-bf-bof-ccus,2036,,,0.0,565900.0,0.0
BG,GA,full-bf-bof-ccus,2037,,,0.0,565900.0,0.0
BG,GA,full-bf-bof-ccus,2038,,,0.0,565900.0,0.0
BG,GA,full-bf-bof-ccus,2039,,,0.0,565900.0,0.0
BG,GA,full-bf-bof-ccus,2040,,,0.0,565900.0,0.0
BG,GA,full-bf-bof-ccus,2041,,,0.0,565900.0,0.0
BG,GA,full-bf-bof-ccus,2042,,,0.0,565900.0,0.0
BG,GA,full-bf-bof-ccus,2043,,,0.0,565900.0,0.0
BG,GA,full-bf-bof-ccus,2044,,,0.0,565900.0,0.0
BG,GA,full-bf-bof-ccus,2045,,,0.0,565900.0,0.0
BG,GA,full-bf-bof-ccus,2046,,,0.0,565900.0,0.0
BG,GA,full-bf-bof-ccus,2047,,,0.0,565900.0,0.0
BG,GA,full-bf-bof-ccus,2048,,,0.0,565900.0,0.0
BG,GA,full-bf-bof-ccus,2049,,,0.0,565900.0,0.0
BG,GA,full-bf-bof-ccus,2050,,,0.0,565900.0,0.0
CY,GA,full-bf-bof-ccus,2019,,,0.0,0.0,
CY,GA,full-bf-bof-ccus,2020,,,0.0,0.0,
CY,GA,full-bf-bof-ccus,2021,,,0.0,0.0,
CY,GA,full-bf-bof-ccus,2022,,,0.0,0.0,
CY,GA,full-bf-bof-ccus,2023,,,0.0,0.0,
CY,GA,full-bf-bof-ccus,2024,,,0.0,0.0,
CY,GA,full-bf-bof-ccus,2025,,,0.0,0.0,
CY,GA,full-bf-bof-ccus,2026,,,0.0,0.0,
CY,GA,full-bf-bof-ccus,2027,,,0.0,0.0,
CY,GA,full-bf-bof-ccus,2028,,,0.0,0.0,
CY,GA,full-bf-bof-ccus,2029,,,0.0,0.0,
CY,GA,full-bf-bof-ccus,2030,,,0.0,0.0,
CY,GA,full-bf-bof-ccus,2031,,,0.0,0.0,
CY,GA,full-bf-bof-ccus,2032,,,0.0,0.0,
CY,GA,full-bf-bof-ccus,2033,,,0.0,0.0,
CY,GA,full-bf-bof-ccus,2034,,,0.0,0.0,
CY,GA,full-bf-bof-ccus,2035,,,0.0,0.0,
CY,GA,full-bf-bof-ccus,2036,,,0.0,0.0,
CY,GA,full-bf-bof-ccus,2037,,,0.0,0.0,
CY,GA,full-bf-bof-ccus,2038,,,0.0,0.0,
CY,GA,full-bf-bof-ccus,2039,,,0.0,0.0,
CY,GA,full-bf-bof-ccus,2040,,,0.0,0.0,
CY,GA,full-bf-bof-ccus,2041,,,0.0,0.0,
CY,GA,full-bf-bof-ccus,2042,,,0.0,0.0,
CY,GA,full-bf-bof-ccus,2043,,,0.0,0.0,
CY,GA,full-bf-bof-ccus,2044,,,0.0,0.0,
CY,GA,full-bf-bof-ccus,2045,,,0.0,0.0,
CY,GA,full-bf-bof-ccus,2046,,,0.0,0.0,
CY,GA,full-bf-bof-ccus,2047,,,0.0,0.0,
CY,GA,full-bf-bof-ccus,2048,,,0.0,0.0,
CY,GA,full-bf-bof-ccus,2049,,,0.0,0.0,
CY,GA,full-bf-bof-ccus,2050,,,0.0,0.0,
CZ,GA,full-bf-bof-ccus,2019,,,0.0,4436832.0,0.0
CZ,GA,full-bf-bof-ccus,2020,,,0.0,4436832.0,0.0
CZ,GA,full-bf-bof-ccus,2021,,,0.0,4436832.0,0.0
CZ,GA,full-bf-bof-ccus,2022,,,0.0,4436832.0,0.0
CZ,GA,full-bf-bof-ccus,2023,,,0.0,4436832.0,0.0
CZ,GA,full-bf-bof-ccus,2024,,,0.0,4436832.0,0.0
CZ,GA,full-bf-bof-ccus,2025,,,0.0,4436832.0,0.0
CZ,GA,full-bf-bof-ccus,2026,,,0.0,4436832.0,0.0
CZ,GA,full-bf-bof-ccus,2027,,,0.0,4436832.0,0.0
CZ,GA,full-bf-bof-ccus,2028,,,0.0,4436832.0,0.0
CZ,GA,full-bf-bof-ccus,2029,,,0.0,4436832.0,0.0
CZ,GA,full-bf-bof-ccus,2030,,,0.0,4436832.0,0.0
CZ,GA,full-bf-bof-ccus,2031,,,0.0,4436832.0,0.0
CZ,GA,full-bf-bof-ccus,2032,,,0.0,4436832.0,0.0
CZ,GA,full-bf-bof-ccus,2033,,,0.0,4436832.0,0.0
CZ,GA,full-bf-bof-ccus,2034,,,0.0,4436832.0,0.0
CZ,GA,full-bf-bof-ccus,2035,,,0.0,4436832.0,0.0
CZ,GA,full-bf-bof-ccus,2036,1.0,0.0,72661.94995612903,4436832.0,0.01637698924731183
CZ,GA,full-bf-bof-ccus,2037,1.0,0.0,142338.34134709678,4436832.0,0.032081075268817205
CZ,GA,full-bf-bof-ccus,2038,1.0,0.0,209029.17417290318,4436832.0,0.04711225806451612
CZ,GA,full-bf-bof-ccus,2039,1.0,0.0,272734.4484335483,4436832.0,0.06147053763440859
CZ,GA,full-bf-bof-ccus,2040,1.0,0.0,333454.16412903223,4436832.0,0.07515591397849462
CZ,GA,full-bf-bof-ccus,2041,0.9,0.1,391188.32125935477,4436832.0,0.08816838709677417
CZ,GA,full-bf-bof-ccus,2042,0.8,0.2,445936.91982451617,4436832.0,0.10050795698924732
CZ,GA,full-bf-bof-ccus,2043,0.7,0.3,497699.9598245161,4436832.0,0.11217462365591396
CZ,GA,full-bf-bof-ccus,2044,0.6,0.4,546477.4412593548,4436832.0,0.12316838709677419
CZ,GA,full-bf-bof-ccus,2045,0.5,0.5,592269.3641290321,4436832.0,0.13348924731182793
CZ,GA,full-bf-bof-ccus,2046,0.4,0.6,635075.7284335484,4436832.0,0.14313720430107527
CZ,GA,full-bf-bof-ccus,2047,0.30000000000000004,0.7,674896.5341729032,4436832.0,0.15211225806451611
CZ,GA,full-bf-bof-ccus,2048,0.19999999999999996,0.8,711731.7813470968,4436832.0,0.16041440860215053
CZ,GA,full-bf-bof-ccus,2049,0.09999999999999998,0.9,745581.469956129,4436832.0,0.1680436559139785
CZ,GA,full-bf-bof-ccus,2050,0.0,1.0,776445.6,4436832.0,0.175
DE,GA,full-bf-bof-ccus,2019,,,0.0,39627347.0,0.0
DE,GA,full-bf-bof-ccus,2020,,,0.0,39627347.0,0.0
DE,GA,full-bf-bof-ccus,2021,,,0.0,39627347.0,0.0
DE,GA,full-bf-bof-ccus,2022,,,0.0,39627347.0,0.0
DE,GA,full-bf-bof-ccus,2023,,,0.0,39627347.0,0.0
DE,GA,full-bf-bof-ccus,2024,,,0.0,39627347.0,0.0
DE,GA,full-bf-bof-ccus,2025,,,0.0,39627347.0,0.0
DE,GA,full-bf-bof-ccus,2026,,,0.0,39627347.0,0.0
DE,GA,full-bf-bof-ccus,2027,,,0.0,39627347.0,0.0
DE,GA,full-bf-bof-ccus,2028,,,0.0,39627347.0,0.0
DE,GA,full-bf-bof-ccus,2029,,,0.0,39627347.0,0.0
DE,GA,full-bf-bof-ccus,2030,,,0.0,39627347.0,0.0
DE,GA,full-bf-bof-ccus,2031,,,0.0,39627347.0,0.0
DE,GA,full-bf-bof-ccus,2032,,,0.0,39627347.0,0.0
DE,GA,full-bf-bof-ccus,2033,,,0.0,39627347.0,0.0
DE,GA,full-bf-bof-ccus,2034,,,0.0,39627347.0,0.0
DE,GA,full-bf-bof-ccus,2035,,,0.0,39627347.0,0.0
DE,GA,full-bf-bof-ccus,2036,1.0,0.0,545834.7473870968,39627347.0,0.013774193548387097
DE,GA,full-bf-bof-ccus,2037,1.0,0.0,1079738.6806236557,39627347.0,0.027247311827956984
DE,GA,full-bf-bof-ccus,2038,1.0,0.0,1601711.7997096775,39627347.0,0.040419354838709676
DE,GA,full-bf-bof-ccus,2039,1.0,0.0,2111754.104645161,39627347.0,0.05329032258064515
DE,GA,full-bf-bof-ccus,2040,1.0,0.0,2609865.5954301073,39627347.0,0.06586021505376344
DE,GA,full-bf-bof-ccus,2041,0.9,0.1,3096046.2720645154,39627347.0,0.0781290322580645
DE,GA,full-bf-bof-ccus,2042,0.8,0.2,3570296.134548387,39627347.0,0.09009677419354839
DE,GA,full-bf-bof-ccus,2043,0.7,0.3,4032615.18288172,39627347.0,0.10176344086021503
DE,GA,full-bf-bof-ccus,2044,0.6,0.4,4483003.417064516,39627347.0,0.1131290322580645
DE,GA,full-bf-bof-ccus,2045,0.5,0.5,4921460.837096774,39627347.0,0.12419354838709677
DE,GA,full-bf-bof-ccus,2046,0.4,0.6,5347987.442978494,39627347.0,0.1349569892473118
DE,GA,full-bf-bof-ccus,2047,0.30000000000000004,0.7,5762583.234709677,39627347.0,0.14541935483870969
DE,GA,full-bf-bof-ccus,2048,0.19999999999999996,0.8,6165248.212290323,39627347.0,0.15558064516129033
DE,GA,full-bf-bof-ccus,2049,0.09999999999999998,0.9,6555982.37572043,39627347.0,0.16544086021505378
DE,GA,full-bf-bof-ccus,2050,0.0,1.0,6934785.725,39627347.0,0.175
DK,GA,full-bf-bof-ccus,2019,,,0.0,466825.43927354657,0.0
DK,GA,full-bf-bof-ccus,2020,,,0.0,466825.43927354657,0.0
DK,GA,full-bf-bof-ccus,2021,,,0.0,466825.43927354657,0.0
DK,GA,full-bf-bof-ccus,2022,,,0.0,466825.43927354657,0.0
DK,GA,full-bf-bof-ccus,2023,,,0.0,466825.43927354657,0.0
DK,GA,full-bf-bof-ccus,2024,,,0.0,466825.43927354657,0.0
DK,GA,full-bf-bof-ccus,2025,,,0.0,466825.43927354657,0.0
DK,GA,full-bf-bof-ccus,2026,,,0.0,466825.43927354657,0.0
DK,GA,full-bf-bof-ccus,2027,,,0.0,466825.43927354657,0.0
DK,GA,full-bf-bof-ccus,2028,,,0.0,466825.43927354657,0.0
DK,GA,full-bf-bof-ccus,2029,,,0.0,466825.43927354657,0.0
DK,GA,full-bf-bof-ccus,2030,,,0.0,466825.43927354657,0.0
DK,GA,full-bf-bof-ccus,2031,,,0.0,466825.43927354657,0.0
DK,GA,full-bf-bof-ccus,2032,,,0.0,466825.43927354657,0.0
DK,GA,full-bf-bof-ccus,2033,,,0.0,466825.43927354657,0.0
DK,GA,full-bf-bof-ccus,2034,,,0.0,466825.43927354657,0.0
DK,GA,full-bf-bof-ccus,2035,,,0.0,466825.43927354657,0.0
DK,GA,full-bf-bof-ccus,2036,1.0,0.0,7905.914697374578,466825.43927354657,0.01693548387096774
DK,GA,full-bf-bof-ccus,2037,1.0,0.0,15460.455408199174,466825.43927354657,0.03311827956989247
DK,GA,full-bf-bof-ccus,2038,1.0,0.0,22663.622132473793,466825.43927354657,0.04854838709677419
DK,GA,full-bf-bof-ccus,2039,1.0,0.0,29515.414870198423,466825.43927354657,0.0632258064516129
DK,GA,full-bf-bof-ccus,2040,1.0,0.0,36015.83362137308,466825.43927354657,0.0771505376344086
DK,GA,full-bf-bof-ccus,2041,0.9,0.1,42164.87838599774,466825.43927354657,0.09032258064516126
DK,GA,full-bf-bof-ccus,2042,0.8,0.2,47962.54916407244,466825.43927354657,0.10274193548387096
DK,GA,full-bf-bof-ccus,2043,0.7,0.3,53408.84595559715,466825.43927354657,0.11440860215053762
DK,GA,full-bf-bof-ccus,2044,0.6,0.4,58503.76876057188,466825.43927354657,0.12532258064516127
DK,GA,full-bf-bof-ccus,2045,0.5,0.5,63247.31757899662,466825.43927354657,0.13548387096774192
DK,GA,full-bf-bof-ccus,2046,0.4,0.6,67639.49241087139,466825.43927354657,0.14489247311827955
DK,GA,full-bf-bof-ccus,2047,0.30000000000000004,0.7,71680.29325619618,466825.43927354657,0.15354838709677418
DK,GA,full-bf-bof-ccus,2048,0.19999999999999996,0.8,75369.72011497099,466825.43927354657,0.16145161290322582
DK,GA,full-bf-bof-ccus,2049,0.09999999999999998,0.9,78707.77298719581,466825.43927354657,0.16860215053763442
DK,GA,full-bf-bof-ccus,2050,0.0,1.0,81694.45187287065,466825.43927354657,0.175
EE,GA,full-bf-bof-ccus,2019,,,0.0,0.0,
EE,GA,full-bf-bof-ccus,2020,,,0.0,0.0,
EE,GA,full-bf-bof-ccus,2021,,,0.0,0.0,
EE,GA,full-bf-bof-ccus,2022,,,0.0,0.0,
EE,GA,full-bf-bof-ccus,2023,,,0.0,0.0,
EE,GA,full-bf-bof-ccus,2024,,,0.0,0.0,
EE,GA,full-bf-bof-ccus,2025,,,0.0,0.0,
EE,GA,full-bf-bof-ccus,2026,,,0.0,0.0,
EE,GA,full-bf-bof-ccus,2027,,,0.0,0.0,
EE,GA,full-bf-bof-ccus,2028,,,0.0,0.0,
EE,GA,full-bf-bof-ccus,2029,,,0.0,0.0,
EE,GA,full-bf-bof-ccus,2030,,,0.0,0.0,
EE,GA,full-bf-bof-ccus,2031,,,0.0,0.0,
EE,GA,full-bf-bof-ccus,2032,,,0.0,0.0,
EE,GA,full-bf-bof-ccus,2033,,,0.0,0.0,
EE,GA,full-bf-bof-ccus,2034,,,0.0,0.0,
EE,GA,full-bf-bof-ccus,2035,,,0.0,0.0,
EE,GA,full-bf-bof-ccus,2036,,,0.0,0.0,
EE,GA,full-bf-bof-ccus,2037,,,0.0,0.0,
EE,GA,full-bf-bof-ccus,2038,,,0.0,0.0,
EE,GA,full-bf-bof-ccus,2039,,,0.0,0.0,
EE,GA,full-bf-bof-ccus,2040,,,0.0,0.0,
EE,GA,full-bf-bof-ccus,2041,,,0.0,0.0,
EE,GA,full-bf-bof-ccus,2042,,,0.0,0.0,
EE,GA,full-bf-bof-ccus,2043,,,0.0,0.0,
EE,GA,full-bf-bof-ccus,2044,,,0.0,0.0,
EE,GA,full-bf-bof-ccus,2045,,,0.0,0.0,
EE,GA,full-bf-bof-ccus,2046,,,0.0,0.0,
EE,GA,full-bf-bof-ccus,2047,,,0.0,0.0,
EE,GA,full-bf-bof-ccus,2048,,,0.0,0.0,
EE,GA,full-bf-bof-ccus,2049,,,0.0,0.0,
EE,GA,full-bf-bof-ccus,2050,,,0.0,0.0,
ES,GA,full-bf-bof-ccus,2019,,,0.0,13587670.0,0.0
ES,GA,full-bf-bof-ccus,2020,,,0.0,13587670.0,0.0
ES,GA,full-bf-bof-ccus,2021,,,0.0,13587670.0,0.0
ES,GA,full-bf-bof-ccus,2022,,,0.0,13587670.0,0.0
ES,GA,full-bf-bof-ccus,2023,,,0.0,13587670.0,0.0
ES,GA,full-bf-bof-ccus,2024,,,0.0,13587670.0,0.0
ES,GA,full-bf-bof-ccus,2025,,,0.0,13587670.0,0.0
ES,GA,full-bf-bof-ccus,2026,,,0.0,13587670.0,0.0
ES,GA,full-bf-bof-ccus,2027,,,0.0,13587670.0,0.0
ES,GA,full-bf-bof-ccus,2028,,,0.0,13587670.0,0.0
ES,GA,full-bf-bof-ccus,2029,,,0.0,13587670.0,0.0
ES,GA,full-bf-bof-ccus,2030,,,0.0,13587670.0,0.0
ES,GA,full-bf-bof-ccus,2031,,,0.0,13587670.0,0.0
ES,GA,full-bf-bof-ccus,2032,,,0.0,13587670.0,0.0
ES,GA,full-bf-bof-ccus,2033,,,0.0,13587670.0,0.0
ES,GA,full-bf-bof-ccus,2034,,,0.0,13587670.0,0.0
ES,GA,full-bf-bof-ccus,2035,,,0.0,13587670.0,0.0
ES,GA,full-bf-bof-ccus,2036,1.0,0.0,98918.23759999996,13587670.0,0.007279999999999997
ES,GA,full-bf-bof-ccus,2037,1.0,0.0,197836.47519999993,13587670.0,0.014559999999999995
ES,GA,full-bf-bof-ccus,2038,1.0,0.0,296754.7127999999,13587670.0,0.021839999999999995
ES,GA,full-bf-bof-ccus,2039,1.0,0.0,395672.95039999986,13587670.0,0.02911999999999999
ES,GA,full-bf-bof-ccus,2040,1.0,0.0,494591.18799999985,13587670.0,0.03639999999999999
ES,GA,full-bf-bof-ccus,2041,0.9,0.1,593509.4255999998,13587670.0,0.04367999999999999
ES,GA,full-bf-bof-ccus,2042,0.8,0.2,692427.6631999998,13587670.0,0.050959999999999984
ES,GA,full-bf-bof-ccus,2043,0.7,0.3,791345.9007999997,13587670.0,0.05823999999999998
ES,GA,full-bf-bof-ccus,2044,0.6,0.4,890264.1383999998,13587670.0,0.06551999999999998
ES,GA,full-bf-bof-ccus,2045,0.5,0.5,989182.3759999997,13587670.0,0.07279999999999998
ES,GA,full-bf-bof-ccus,2046,0.4,0.6,1088100.6135999998,13587670.0,0.08007999999999998
ES,GA,full-bf-bof-ccus,2047,0.30000000000000004,0.7,1187018.8511999997,13587670.0,0.08735999999999998
ES,GA,full-bf-bof-ccus,2048,0.19999999999999996,0.8,1285937.0887999998,13587670.0,0.09463999999999999
ES,GA,full-bf-bof-ccus,2049,0.09999999999999998,0.9,1384855.3263999997,13587670.0,0.10191999999999997
ES,GA,full-bf-bof-ccus,2050,0.0,1.0,1483773.5639999995,13587670.0,0.10919999999999996
FI,GA,full-bf-bof-ccus,2019,,,0.0,3473300.0,0.0
FI,GA,full-bf-bof-ccus,2020,,,0.0,3473300.0,0.0
FI,GA,full-bf-bof-ccus,2021,,,0.0,3473300.0,0.0
FI,GA,full-bf-bof-ccus,2022,,,0.0,3473300.0,0.0
FI,GA,full-bf-bof-ccus,2023,,,0.0,3473300.0,0.0
FI,GA,full-bf-bof-ccus,2024,,,0.0,3473300.0,0.0
FI,GA,full-bf-bof-ccus,2025,,,0.0,3473300.0,0.0
FI,GA,full-bf-bof-ccus,2026,,,0.0,3473300.0,0.0
FI,GA,full-bf-bof-ccus,2027,,,0.0,3473300.0,0.0
FI,GA,full-bf-bof-ccus,2028,,,0.0,3473300.0,0.0
FI,GA,full-bf-bof-ccus,2029,,,0.0,3473300.0,0.0
FI,GA,full-bf-bof-ccus,2030,,,0.0,3473300.0,0.0
FI,GA,full-bf-bof-ccus,2031,,,0.0,3473300.0,0.0
FI,GA,full-bf-bof-ccus,2032,,,0.0,3473300.0,0.0
FI,GA,full-bf-bof-ccus,2033,,,0.0,3473300.0,0.0
FI,GA,full-bf-bof-ccus,2034,,,0.0,3473300.0,0.0
FI,GA,full-bf-bof-ccus,2035,,,0.0,3473300.0,0.0
FI,GA,full-bf-bof-ccus,2036,1.0,0.0,46670.69475268817,3473300.0,0.013436989247311827
FI,GA,full-bf-bof-ccus,2037,1.0,0.0,92462.98073118278,3473300.0,0.0266210752688172
FI,GA,full-bf-bof-ccus,2038,1.0,0.0,137376.85793548386,3473300.0,0.03955225806451613
FI,GA,full-bf-bof-ccus,2039,1.0,0.0,181412.32636559138,3473300.0,0.052230537634408596
FI,GA,full-bf-bof-ccus,2040,1.0,0.0,224569.38602150537,3473300.0,0.06465591397849463
FI,GA,full-bf-bof-ccus,2041,0.9,0.1,266848.03690322576,3473300.0,0.07682838709677418
FI,GA,full-bf-bof-ccus,2042,0.8,0.2,308248.2790107526,3473300.0,0.0887479569892473
FI,GA,full-bf-bof-ccus,2043,0.7,0.3,348770.112344086,3473300.0,0.10041462365591397
FI,GA,full-bf-bof-ccus,2044,0.6,0.4,388413.5369032258,3473300.0,0.1118283870967742
FI,GA,full-bf-bof-ccus,2045,0.5,0.5,427178.552688172,3473300.0,0.12298924731182795
FI,GA,full-bf-bof-ccus,2046,0.4,0.6,465065.1596989247,3473300.0,0.13389720430107527
FI,GA,full-bf-bof-ccus,2047,0.30000000000000004,0.7,502073.3579354838,3473300.0,0.1445522580645161
FI,GA,full-bf-bof-ccus,2048,0.19999999999999996,0.8,538203.1473978496,3473300.0,0.15495440860215057
FI,GA,full-bf-bof-ccus,2049,0.09999999999999998,0.9,573454.5280860215,3473300.0,0.1651036559139785
FI,GA,full-bf-bof-ccus,2050,0.0,1.0,607827.5,3473300.0,0.175
FR,GA,full-bf-bof-ccus,2019,,,0.0,14449651.000000002,0.0
FR,GA,full-bf-bof-ccus,2020,,,0.0,14449651.000000002,0.0
FR,GA,full-bf-bof-ccus,2021,,,0.0,14449651.000000002,0.0
FR,GA,full-bf-bof-ccus,2022,,,0.0,14449651.000000002,0.0
FR,GA,full-bf-bof-ccus,2023,,,0.0,14449651.000000002,0.0
FR,GA,full-bf-bof-ccus,2024,,,0.0,14449651.000000002,0.0
FR,GA,full-bf-bof-ccus,2025,,,0.0,14449651.000000002,0.0
FR,GA,full-bf-bof-ccus,2026,,,0.0,14449651.000000002,0.0
FR,GA,full-bf-bof-ccus,2027,,,0.0,14449651.000000002,0.0
FR,GA,full-bf-bof-ccus,2028,,,0.0,14449651.000000002,0.0
FR,GA,full-bf-bof-ccus,2029,,,0.0,14449651.000000002,0.0
FR,GA,full-bf-bof-ccus,2030,,,0.0,14449651.000000002,0.0
FR,GA,full-bf-bof-ccus,2031,,,0.0,14449651.000000002,0.0
FR,GA,full-bf-bof-ccus,2032,,,0.0,14449651.000000002,0.0
FR,GA,full-bf-bof-ccus,2033,,,0.0,14449651.000000002,0.0
FR,GA,full-bf-bof-ccus,2034,,,0.0,14449651.000000002,0.0
FR,GA,full-bf-bof-ccus,2035,,,0.0,14449651.000000002,0.0
FR,GA,full-bf-bof-ccus,2036,1.0,0.0,198423.2290223656,14449651.000000002,0.013732043010752686
FR,GA,full-bf-bof-ccus,2037,1.0,0.0,392583.0341367742,14449651.000000002,0.027169032258064513
FR,GA,full-bf-bof-ccus,2038,1.0,0.0,582479.4153432258,14449651.000000002,0.04031096774193548
FR,GA,full-bf-bof-ccus,2039,1.0,0.0,768112.3726417205,14449651.000000002,0.05315784946236558
FR,GA,full-bf-bof-ccus,2040,1.0,0.0,949481.9060322582,14449651.000000002,0.06570967741935484
FR,GA,full-bf-bof-ccus,2041,0.9,0.1,1126588.0155148385,14449651.000000002,0.0779664516129032
FR,GA,full-bf-bof-ccus,2042,0.8,0.2,1299430.7010894625,14449651.000000002,0.08992817204301075
FR,GA,full-bf-bof-ccus,2043,0.7,0.3,1468009.962756129,14449651.000000002,0.1015948387096774
FR,GA,full-bf-bof-ccus,2044,0.6,0.4,1632325.800514839,14449651.000000002,0.11296645161290322
FR,GA,full-bf-bof-ccus,2045,0.5,0.5,1792378.2143655915,14449651.000000002,0.12404301075268817
FR,GA,full-bf-bof-ccus,2046,0.4,0.6,1948167.2043083871,14449651.000000002,0.13482451612903223
FR,GA,full-bf-bof-ccus,2047,0.30000000000000004,0.7,2099692.770343226,14449651.000000002,0.14531096774193547
FR,GA,full-bf-bof-ccus,2048,0.19999999999999996,0.8,2246954.912470108,14449651.000000002,0.15550236559139785
FR,GA,full-bf-bof-ccus,2049,0.09999999999999998,0.9,2389953.6306890324,14449651.000000002,0.16539870967741935
FR,GA,full-bf-bof-ccus,2050,0.0,1.0,2528688.9250000003,14449651.000000002,0.175
GR,GA,full-bf-bof-ccus,2019,,,0.0,1350000.0,0.0
GR,GA,full-bf-bof-ccus,2020,,,0.0,1350000.0,0.0
GR,GA,full-bf-bof-ccus,2021,,,0.0,1350000.0,0.0
GR,GA,full-bf-bof-ccus,2022,,,0.0,1350000.0,0.0
GR,GA,full-bf-bof-ccus,2023,,,0.0,1350000.0,0.0
GR,GA,full-bf-bof-ccus,2024,,,0.0,1350000.0,0.0
GR,GA,full-bf-bof-ccus,2025,,,0.0,1350000.0,0.0
GR,GA,full-bf-bof-ccus,2026,,,0.0,1350000.0,0.0
GR,GA,full-bf-bof-ccus,2027,,,0.0,1350000.0,0.0
GR,GA,full-bf-bof-ccus,2028,,,0.0,1350000.0,0.0
GR,GA,full-bf-bof-ccus,2029,,,0.0,1350000.0,0.0
GR,GA,full-bf-bof-ccus,2030,,,0.0,1350000.0,0.0
GR,GA,full-bf-bof-ccus,2031,,,0.0,1350000.0,0.0
GR,GA,full-bf-bof-ccus,2032,,,0.0,1350000.0,0.0
GR,GA,full-bf-bof-ccus,2033,,,0.0,1350000.0,0.0
GR,GA,full-bf-bof-ccus,2034,,,0.0,1350000.0,0.0
GR,GA,full-bf-bof-ccus,2035,,,0.0,1350000.0,0.0
GR,GA,full-bf-bof-ccus,2036,,,0.0,1350000.0,0.0
GR,GA,full-bf-bof-ccus,2037,,,0.0,1350000.0,0.0
GR,GA,full-bf-bof-ccus,2038,,,0.0,1350000.0,0.0
GR,GA,full-bf-bof-ccus,2039,,,0.0,1350000.0,0.0
GR,GA,full-bf-bof-ccus,2040,,,0.0,1350000.0,0.0
GR,GA,full-bf-bof-ccus,2041,,,0.0,1350000.0,0.0
GR,GA,full-bf-bof-ccus,2042,,,0.0,1350000.0,0.0
GR,GA,full-bf-bof-ccus,2043,,,0.0,1350000.0,0.0
GR,GA,full-bf-bof-ccus,2044,,,0.0,1350000.0,0.0
GR,GA,full-bf-bof-ccus,2045,,,0.0,1350000.0,0.0
GR,GA,full-bf-bof-ccus,2046,,,0.0,1350000.0,0.0
GR,GA,full-bf-bof-ccus,2047,,,0.0,1350000.0,0.0
GR,GA,full-bf-bof-ccus,2048,,,0.0,1350000.0,0.0
GR,GA,full-bf-bof-ccus,2049,,,0.0,1350000.0,0.0
GR,GA,full-bf-bof-ccus,2050,,,0.0,1350000.0,0.0
HR,GA,full-bf-bof-ccus,2019,,,0.0,69125.0,0.0
HR,GA,full-bf-bof-ccus,2020,,,0.0,69125.0,0.0
HR,GA,full-bf-bof-ccus,2021,,,0.0,69125.0,0.0
HR,GA,full-bf-bof-ccus,2022,,,0.0,69125.0,0.0
HR,GA,full-bf-bof-ccus,2023,,,0.0,69125.0,0.0
HR,GA,full-bf-bof-ccus,2024,,,0.0,69125.0,0.0
HR,GA,full-bf-bof-ccus,2025,,,0.0,69125.0,0.0
HR,GA,full-bf-bof-ccus,2026,,,0.0,69125.0,0.0
HR,GA,full-bf-bof-ccus,2027,,,0.0,69125.0,0.0
HR,GA,full-bf-bof-ccus,2028,,,0.0,69125.0,0.0
HR,GA,full-bf-bof-ccus,2029,,,0.0,69125.0,0.0
HR,GA,full-bf-bof-ccus,2030,,,0.0,69125.0,0.0
HR,GA,full-bf-bof-ccus,2031,,,0.0,69125.0,0.0
HR,GA,full-bf-bof-ccus,2032,,,0.0,69125.0,0.0
HR,GA,full-bf-bof-ccus,2033,,,0.0,69125.0,0.0
HR,GA,full-bf-bof-ccus,2034,,,0.0,69125.0,0.0
HR,GA,full-bf-bof-ccus,2035,,,0.0,69125.0,0.0
HR,GA,full-bf-bof-ccus,2036,,,0.0,69125.0,0.0
HR,GA,full-bf-bof-ccus,2037,,,0.0,69125.0,0.0
HR,GA,full-bf-bof-ccus,2038,,,0.0,69125.0,0.0
HR,GA,full-bf-bof-ccus,2039,,,0.0,69125.0,0.0
HR,GA,full-bf-bof-ccus,2040,,,0.0,69125.0,0.0
HR,GA,full-bf-bof-ccus,2041,,,0.0,69125.0,0.0
HR,GA,full-bf-bof-ccus,2042,,,0.0,69125.0,0.0
HR,GA,full-bf-bof-ccus,2043,,,0.0,69125.0,0.0
HR,GA,full-bf-bof-ccus,2044,,,0.0,69125.0,0.0
HR,GA,full-bf-bof-ccus,2045,,,0.0,69125.0,0.0
HR,GA,full-bf-bof-ccus,2046,,,0.0,69125.0,0.0
HR,GA,full-bf-bof-ccus,2047,,,0.0,69125.0,0.0
HR,GA,full-bf-bof-ccus,2048,,,0.0,69125.0,0.0
HR,GA,full-bf-bof-ccus,2049,,,0.0,69125.0,0.0
HR,GA,full-bf-bof-ccus,2050,,,0.0,69125.0,0.0
HU,GA,full-bf-bof-ccus,2019,,,0.0,1769498.9999999998,0.0
HU,GA,full-bf-bof-ccus,2020,,,0.0,1769498.9999999998,0.0
HU,GA,full-bf-bof-ccus,2021,,,0.0,1769498.9999999998,0.0
HU,GA,full-bf-bof-ccus,2022,,,0.0,1769498.9999999998,0.0
HU,GA,full-bf-bof-ccus,2023,,,0.0,1769498.9999999998,0.0
HU,GA,full-bf-bof-ccus,2024,,,0.0,1769498.9999999998,0.0
HU,GA,full-bf-bof-ccus,2025,,,0.0,1769498.9999999998,0.0
HU,GA,full-bf-bof-ccus,2026,,,0.0,1769498.9999999998,0.0
HU,GA,full-bf-bof-ccus,2027,,,0.0,1769498.9999999998,0.0
HU,GA,full-bf-bof-ccus,2028,,,0.0,1769498.9999999998,0.0
HU,GA,full-bf-bof-ccus,2029,,,0.0,1769498.9999999998,0.0
HU,GA,full-bf-bof-ccus,2030,,,0.0,1769498.9999999998,0.0
HU,GA,full-bf-bof-ccus,2031,,,0.0,1769498.9999999998,0.0
HU,GA,full-bf-bof-ccus,2032,,,0.0,1769498.9999999998,0.0
HU,GA,full-bf-bof-ccus,2033,,,0.0,1769498.9999999998,0.0
HU,GA,full-bf-bof-ccus,2034,,,0.0,1769498.9999999998,0.0
HU,GA,full-bf-bof-ccus,2035,,,0.0,1769498.9999999998,0.0
HU,GA,full-bf-bof-ccus,2036,1.0,0.0,26256.701398064513,1769498.9999999998,0.014838494623655914
HU,GA,full-bf-bof-ccus,2037,1.0,0.0,51711.61045354836,1769498.9999999998,0.029223870967741924
HU,GA,full-bf-bof-ccus,2038,1.0,0.0,76364.7271664516,1769498.9999999998,0.043156129032258066
HU,GA,full-bf-bof-ccus,2039,1.0,0.0,100216.05153677418,1769498.9999999998,0.0566352688172043
HU,GA,full-bf-bof-ccus,2040,1.0,0.0,123265.58356451608,1769498.9999999998,0.06966129032258063
HU,GA,full-bf-bof-ccus,2041,0.9,0.1,145513.32324967737,1769498.9999999998,0.08223419354838708
HU,GA,full-bf-bof-ccus,2042,0.8,0.2,166959.27059225805,1769498.9999999998,0.09435397849462367
HU,GA,full-bf-bof-ccus,2043,0.7,0.3,187603.42559225802,1769498.9999999998,0.10602064516129031
HU,GA,full-bf-bof-ccus,2044,0.6,0.4,207445.78824967737,1769498.9999999998,0.11723419354838709
HU,GA,full-bf-bof-ccus,2045,0.5,0.5,226486.35856451606,1769498.9999999998,0.12799462365591396
HU,GA,full-bf-bof-ccus,2046,0.4,0.6,244725.13653677414,1769498.9999999998,0.13830193548387096
HU,GA,full-bf-bof-ccus,2047,0.30000000000000004,0.7,262162.12216645153,1769498.9999999998,0.14815612903225803
HU,GA,full-bf-bof-ccus,2048,0.19999999999999996,0.8,278797.3154535484,1769498.9999999998,0.15755720430107528
HU,GA,full-bf-bof-ccus,2049,0.09999999999999998,0.9,294630.71639806445,1769498.9999999998,0.16650516129032256
HU,GA,full-bf-bof-ccus,2050,0.0,1.0,309662.32499999995,1769498.9999999998,0.175
IE,GA,full-bf-bof-ccus,2019,,,0.0,0.0,
IE,GA,full-bf-bof-ccus,2020,,,0.0,0.0,
IE,GA,full-bf-bof-ccus,2021,,,0.0,0.0,
IE,GA,full-bf-bof-ccus,2022,,,0.0,0.0,
IE,GA,full-bf-bof-ccus,2023,,,0.0,0.0,
IE,GA,full-bf-bof-ccus,2024,,,0.0,0.0,
IE,GA,full-bf-bof-ccus,2025,,,0.0,0.0,
IE,GA,full-bf-bof-ccus,2026,,,0.0,0.0,
IE,GA,full-bf-bof-ccus,2027,,,0.0,0.0,
IE,GA,full-bf-bof-ccus,2028,,,0.0,0.0,
IE,GA,full-bf-bof-ccus,2029,,,0.0,0.0,
IE,GA,full-bf-bof-ccus,2030,,,0.0,0.0,
IE,GA,full-bf-bof-ccus,2031,,,0.0,0.0,
IE,GA,full-bf-bof-ccus,2032,,,0.0,0.0,
IE,GA,full-bf-bof-ccus,2033,,,0.0,0.0,
IE,GA,full-bf-bof-ccus,2034,,,0.0,0.0,
IE,GA,full-bf-bof-ccus,2035,,,0.0,0.0,
IE,GA,full-bf-bof-ccus,2036,,,0.0,0.0,
IE,GA,full-bf-bof-ccus,2037,,,0.0,0.0,
IE,GA,full-bf-bof-ccus,2038,,,0.0,0.0,
IE,GA,full-bf-bof-ccus,2039,,,0.0,0.0,
IE,GA,full-bf-bof-ccus,2040,,,0.0,0.0,
IE,GA,full-bf-bof-ccus,2041,,,0.0,0.0,
IE,GA,full-bf-bof-ccus,2042,,,0.0,0.0,
IE,GA,full-bf-bof-ccus,2043,,,0.0,0.0,
IE,GA,full-bf-bof-ccus,2044,,,0.0,0.0,
IE,GA,full-bf-bof-ccus,2045,,,0.0,0.0,
IE,GA,full-bf-bof-ccus,2046,,,0.0,0.0,
IE,GA,full-bf-bof-ccus,2047,,,0.0,0.0,
IE,GA,full-bf-bof-ccus,2048,,,0.0,0.0,
IE,GA,full-bf-bof-ccus,2049,,,0.0,0.0,
IE,GA,full-bf-bof-ccus,2050,,,0.0,0.0,
IT,GA,full-bf-bof-ccus,2019,,,0.0,23190364.0,0.0
IT,GA,full-bf-bof-ccus,2020,,,0.0,23190364.0,0.0
IT,GA,full-bf-bof-ccus,2021,,,0.0,23190364.0,0.0
IT,GA,full-bf-bof-ccus,2022,,,0.0,23190364.0,0.0
IT,GA,full-bf-bof-ccus,2023,,,0.0,23190364.0,0.0
IT,GA,full-bf-bof-ccus,2024,,,0.0,23190364.0,0.0
IT,GA,full-bf-bof-ccus,2025,,,0.0,23190364.0,0.0
IT,GA,full-bf-bof-ccus,2026,,,0.0,23190364.0,0.0
IT,GA,full-bf-bof-ccus,2027,,,0.0,23190364.0,0.0
IT,GA,full-bf-bof-ccus,2028,,,0.0,23190364.0,0.0
IT,GA,full-bf-bof-ccus,2029,,,0.0,23190364.0,0.0
IT,GA,full-bf-bof-ccus,2030,,,0.0,23190364.0,0.0
IT,GA,full-bf-bof-ccus,2031,,,0.0,23190364.0,0.0
IT,GA,full-bf-bof-ccus,2032,,,0.0,23190364.0,0.0
IT,GA,full-bf-bof-ccus,2033,,,0.0,23190364.0,0.0
IT,GA,full-bf-bof-ccus,2034,,,0.0,23190364.0,0.0
IT,GA,full-bf-bof-ccus,2035,,,0.0,23190364.0,0.0
IT,GA,full-bf-bof-ccus,2036,1.0,0.0,97940.63729333332,23190364.0,0.004223333333333332
IT,GA,full-bf-bof-ccus,2037,1.0,0.0,195881.27458666664,23190364.0,0.008446666666666665
IT,GA,full-bf-bof-ccus,2038,1.0,0.0,293821.91187999997,23190364.0,0.012669999999999999
IT,GA,full-bf-bof-ccus,2039,1.0,0.0,391762.5491733333,23190364.0,0.01689333333333333
IT,GA,full-bf-bof-ccus,2040,1.0,0.0,489703.1864666666,23190364.0,0.021116666666666662
IT,GA,full-bf-bof-ccus,2041,0.9,0.1,587643.8237599999,23190364.0,0.025339999999999998
IT,GA,full-bf-bof-ccus,2042,0.8,0.2,685584.4610533332,23190364.0,0.02956333333333333
IT,GA,full-bf-bof-ccus,2043,0.7,0.3,783525.0983466665,23190364.0,0.03378666666666666
IT,GA,full-bf-bof-ccus,2044,0.6,0.4,881465.7356399999,23190364.0,0.038009999999999995
IT,GA,full-bf-bof-ccus,2045,0.5,0.5,979406.3729333332,23190364.0,0.042233333333333324
IT,GA,full-bf-bof-ccus,2046,0.4,0.6,1077347.0102266665,23190364.0,0.04645666666666666
IT,GA,full-bf-bof-ccus,2047,0.30000000000000004,0.7,1175287.6475199999,23190364.0,0.050679999999999996
IT,GA,full-bf-bof-ccus,2048,0.19999999999999996,0.8,1273228.2848133333,23190364.0,0.05490333333333333
IT,GA,full-bf-bof-ccus,2049,0.09999999999999998,0.9,1371168.9221066665,23190364.0,0.05912666666666666
IT,GA,full-bf-bof-ccus,2050,0.0,1.0,1469109.5593999997,23190364.0,0.06334999999999999
LT,GA,full-bf-bof-ccus,2019,,,0.0,0.0,
LT,GA,full-bf-bof-ccus,2020,,,0.0,0.0,
LT,GA,full-bf-bof-ccus,2021,,,0.0,0.0,
LT,GA,full-bf-bof-ccus,2022,,,0.0,0.0,
LT,GA,full-bf-bof-ccus,2023,,,0.0,0.0,
LT,GA,full-bf-bof-ccus,2024,,,0.0,0.0,
LT,GA,full-bf-bof-ccus,2025,,,0.0,0.0,
LT,GA,full-bf-bof-ccus,2026,,,0.0,0.0,
LT,GA,full-bf-bof-ccus,2027,,,0.0,0.0,
LT,GA,full-bf-bof-ccus,2028,,,0.0,0.0,
LT,GA,full-bf-bof-ccus,2029,,,0.0,0.0,
LT,GA,full-bf-bof-ccus,2030,,,0.0,0.0,
LT,GA,full-bf-bof-ccus,2031,,,0.0,0.0,
LT,GA,full-bf-bof-ccus,2032,,,0.0,0.0,
LT,GA,full-bf-bof-ccus,2033,,,0.0,0.0,
LT,GA,full-bf-bof-ccus,2034,,,0.0,0.0,
LT,GA,full-bf-bof-ccus,2035,,,0.0,0.0,
LT,GA,full-bf-bof-ccus,2036,,,0.0,0.0,
LT,GA,full-bf-bof-ccus,2037,,,0.0,0.0,
LT,GA,full-bf-bof-ccus,2038,,,0.0,0.0,
LT,GA,full-bf-bof-ccus,2039,,,0.0,0.0,
LT,GA,full-bf-bof-ccus,2040,,,0.0,0.0,
LT,GA,full-bf-bof-ccus,2041,,,0.0,0.0,
LT,GA,full-bf-bof-ccus,2042,,,0.0,0.0,
LT,GA,full-bf-bof-ccus,2043,,,0.0,0.0,
LT,GA,full-bf-bof-ccus,2044,,,0.0,0.0,
LT,GA,full-bf-bof-ccus,2045,,,0.0,0.0,
LT,GA,full-bf-bof-ccus,2046,,,0.0,0.0,
LT,GA,full-bf-bof-ccus,2047,,,0.0,0.0,
LT,GA,full-bf-bof-ccus,2048,,,0.0,0.0,
LT,GA,full-bf-bof-ccus,2049,,,0.0,0.0,
LT,GA,full-bf-bof-ccus,2050,,,0.0,0.0,
LU,GA,full-bf-bof-ccus,2019,,,0.0,2119284.0,0.0
LU,GA,full-bf-bof-ccus,2020,,,0.0,2119284.0,0.0
LU,GA,full-bf-bof-ccus,2021,,,0.0,2119284.0,0.0
LU,GA,full-bf-bof-ccus,2022,,,0.0,2119284.0,0.0
LU,GA,full-bf-bof-ccus,2023,,,0.0,2119284.0,0.0
LU,GA,full-bf-bof-ccus,2024,,,0.0,2119284.0,0.0
LU,GA,full-bf-bof-ccus,2025,,,0.0,2119284.0,0.0
LU,GA,full-bf-bof-ccus,2026,,,0.0,2119284.0,0.0
LU,GA,full-bf-bof-ccus,2027,,,0.0,2119284.0,0.0
LU,GA,full-bf-bof-ccus,2028,,,0.0,2119284.0,0.0
LU,GA,full-bf-bof-ccus,2029,,,0.0,2119284.0,0.0
LU,GA,full-bf-bof-ccus,2030,,,0.0,2119284.0,0.0
LU,GA,full-bf-bof-ccus,2031,,,0.0,2119284.0,0.0
LU,GA,full-bf-bof-ccus,2032,,,0.0,2119284.0,0.0
LU,GA,full-bf-bof-ccus,2033,,,0.0,2119284.0,0.0
LU,GA,full-bf-bof-ccus,2034,,,0.0,2119284.0,0.0
LU,GA,full-bf-bof-ccus,2035,,,0.0,2119284.0,0.0
LU,GA,full-bf-bof-ccus,2036,,,0.0,2119284.0,0.0
LU,GA,full-bf-bof-ccus,2037,,,0.0,2119284.0,0.0
LU,GA,full-bf-bof-ccus,2038,,,0.0,2119284.0,0.0
LU,GA,full-bf-bof-ccus,2039,,,0.0,2119284.0,0.0
LU,GA,full-bf-bof-ccus,2040,,,0.0,2119284.0,0.0
LU,GA,full-bf-bof-ccus,2041,,,0.0,2119284.0,0.0
LU,GA,full-bf-bof-ccus,2042,,,0.0,2119284.0,0.0
LU,GA,full-bf-bof-ccus,2043,,,0.0,2119284.0,0.0
LU,GA,full-bf-bof-ccus,2044,,,0.0,2119284.0,0.0
LU,GA,full-bf-bof-ccus,2045,,,0.0,2119284.0,0.0
LU,GA,full-bf-bof-ccus,2046,,,0.0,2119284.0,0.0
LU,GA,full-bf-bof-ccus,2047,,,0.0,2119284.0,0.0
LU,GA,full-bf-bof-ccus,2048,,,0.0,2119284.0,0.0
LU,GA,full-bf-bof-ccus,2049,,,0.0,2119284.0,0.0
LU,GA,full-bf-bof-ccus,2050,,,0.0,2119284.0,0.0
LV,GA,full-bf-bof-ccus,2019,,,0.0,0.0,
LV,GA,full-bf-bof-ccus,2020,,,0.0,0.0,
LV,GA,full-bf-bof-ccus,2021,,,0.0,0.0,
LV,GA,full-bf-bof-ccus,2022,,,0.0,0.0,
LV,GA,full-bf-bof-ccus,2023,,,0.0,0.0,
LV,GA,full-bf-bof-ccus,2024,,,0.0,0.0,
LV,GA,full-bf-bof-ccus,2025,,,0.0,0.0,
LV,GA,full-bf-bof-ccus,2026,,,0.0,0.0,
LV,GA,full-bf-bof-ccus,2027,,,0.0,0.0,
LV,GA,full-bf-bof-ccus,2028,,,0.0,0.0,
LV,GA,full-bf-bof-ccus,2029,,,0.0,0.0,
LV,GA,full-bf-bof-ccus,2030,,,0.0,0.0,
LV,GA,full-bf-bof-ccus,2031,,,0.0,0.0,
LV,GA,full-bf-bof-ccus,2032,,,0.0,0.0,
LV,GA,full-bf-bof-ccus,2033,,,0.0,0.0,
LV,GA,full-bf-bof-ccus,2034,,,0.0,0.0,
LV,GA,full-bf-bof-ccus,2035,,,0.0,0.0,
LV,GA,full-bf-bof-ccus,2036,,,0.0,0.0,
LV,GA,full-bf-bof-ccus,2037,,,0.0,0.0,
LV,GA,full-bf-bof-ccus,2038,,,0.0,0.0,
LV,GA,full-bf-bof-ccus,2039,,,0.0,0.0,
LV,GA,full-bf-bof-ccus,2040,,,0.0,0.0,
LV,GA,full-bf-bof-ccus,2041,,,0.0,0.0,
LV,GA,full-bf-bof-ccus,2042,,,0.0,0.0,
LV,GA,full-bf-bof-ccus,2043,,,0.0,0.0,
LV,GA,full-bf-bof-ccus,2044,,,0.0,0.0,
LV,GA,full-bf-bof-ccus,2045,,,0.0,0.0,
LV,GA,full-bf-bof-ccus,2046,,,0.0,0.0,
LV,GA,full-bf-bof-ccus,2047,,,0.0,0.0,
LV,GA,full-bf-bof-ccus,2048,,,0.0,0.0,
LV,GA,full-bf-bof-ccus,2049,,,0.0,0.0,
LV,GA,full-bf-bof-ccus,2050,,,0.0,0.0,
MT,GA,full-bf-bof-ccus,2019,,,0.0,0.0,
MT,GA,full-bf-bof-ccus,2020,,,0.0,0.0,
MT,GA,full-bf-bof-ccus,2021,,,0.0,0.0,
MT,GA,full-bf-bof-ccus,2022,,,0.0,0.0,
MT,GA,full-bf-bof-ccus,2023,,,0.0,0.0,
MT,GA,full-bf-bof-ccus,2024,,,0.0,0.0,
MT,GA,full-bf-bof-ccus,2025,,,0.0,0.0,
MT,GA,full-bf-bof-ccus,2026,,,0.0,0.0,
MT,GA,full-bf-bof-ccus,2027,,,0.0,0.0,
MT,GA,full-bf-bof-ccus,2028,,,0.0,0.0,
MT,GA,full-bf-bof-ccus,2029,,,0.0,0.0,
MT,GA,full-bf-bof-ccus,2030,,,0.0,0.0,
MT,GA,full-bf-bof-ccus,2031,,,0.0,0.0,
MT,GA,full-bf-bof-ccus,2032,,,0.0,0.0,
MT,GA,full-bf-bof-ccus,2033,,,0.0,0.0,
MT,GA,full-bf-bof-ccus,2034,,,0.0,0.0,
MT,GA,full-bf-bof-ccus,2035,,,0.0,0.0,
MT,GA,full-bf-bof-ccus,2036,,,0.0,0.0,
MT,GA,full-bf-bof-ccus,2037,,,0.0,0.0,
MT,GA,full-bf-bof-ccus,2038,,,0.0,0.0,
MT,GA,full-bf-bof-ccus,2039,,,0.0,0.0,
MT,GA,full-bf-bof-ccus,2040,,,0.0,0.0,
MT,GA,full-bf-bof-ccus,2041,,,0.0,0.0,
MT,GA,full-bf-bof-ccus,2042,,,0.0,0.0,
MT,GA,full-bf-bof-ccus,2043,,,0.0,0.0,
MT,GA,full-bf-bof-ccus,2044,,,0.0,0.0,
MT,GA,full-bf-bof-ccus,2045,,,0.0,0.0,
MT,GA,full-bf-bof-ccus,2046,,,0.0,0.0,
MT,GA,full-bf-bof-ccus,2047,,,0.0,0.0,
MT,GA,full-bf-bof-ccus,2048,,,0.0,0.0,
MT,GA,full-bf-bof-ccus,2049,,,0.0,0.0,
MT,GA,full-bf-bof-ccus,2050,,,0.0,0.0,
NL,GA,full-bf-bof-ccus,2019,,,0.0,6656866.0,0.0
NL,GA,full-bf-bof-ccus,2020,,,0.0,6656866.0,0.0
NL,GA,full-bf-bof-ccus,2021,,,0.0,6656866.0,0.0
NL,GA,full-bf-bof-ccus,2022,,,0.0,6656866.0,0.0
NL,GA,full-bf-bof-ccus,2023,,,0.0,6656866.0,0.0
NL,GA,full-bf-bof-ccus,2024,,,0.0,6656866.0,0.0
NL,GA,full-bf-bof-ccus,2025,,,0.0,6656866.0,0.0
NL,GA,full-bf-bof-ccus,2026,,,0.0,6656866.0,0.0
NL,GA,full-bf-bof-ccus,2027,,,0.0,6656866.0,0.0
NL,GA,full-bf-bof-ccus,2028,,,0.0,6656866.0,0.0
NL,GA,full-bf-bof-ccus,2029,,,0.0,6656866.0,0.0
NL,GA,full-bf-bof-ccus,2030,,,0.0,6656866.0,0.0
NL,GA,full-bf-bof-ccus,2031,,,0.0,6656866.0,0.0
NL,GA,full-bf-bof-ccus,2032,,,0.0,6656866.0,0.0
NL,GA,full-bf-bof-ccus,2033,,,0.0,6656866.0,0.0
NL,GA,full-bf-bof-ccus,2034,,,0.0,6656866.0,0.0
NL,GA,full-bf-bof-ccus,2035,,,0.0,6656866.0,0.0
NL,GA,full-bf-bof-ccus,2036,1.0,0.0,112737.24677419355,6656866.0,0.016935483870967744
NL,GA,full-bf-bof-ccus,2037,1.0,0.0,220463.94924731177,6656866.0,0.03311827956989247
NL,GA,full-bf-bof-ccus,2038,1.0,0.0,323180.10741935484,6656866.0,0.04854838709677419
NL,GA,full-bf-bof-ccus,2039,1.0,0.0,420885.72129032254,6656866.0,0.0632258064516129
NL,GA,full-bf-bof-ccus,2040,1.0,0.0,513580.79086021497,6656866.0,0.07715053763440859
NL,GA,full-bf-bof-ccus,2041,0.9,0.1,601265.3161290322,6656866.0,0.09032258064516127
NL,GA,full-bf-bof-ccus,2042,0.8,0.2,683939.2970967742,6656866.0,0.10274193548387098
NL,GA,full-bf-bof-ccus,2043,0.7,0.3,761602.7337634407,6656866.0,0.11440860215053762
NL,GA,full-bf-bof-ccus,2044,0.6,0.4,834255.6261290322,6656866.0,0.12532258064516127
NL,GA,full-bf-bof-ccus,2045,0.5,0.5,901897.9741935483,6656866.0,0.13548387096774192
NL,GA,full-bf-bof-ccus,2046,0.4,0.6,964529.7779569891,6656866.0,0.14489247311827955
NL,GA,full-bf-bof-ccus,2047,0.30000000000000004,0.7,1022151.0374193548,6656866.0,0.15354838709677418
NL,GA,full-bf-bof-ccus,2048,0.19999999999999996,0.8,1074761.7525806453,6656866.0,0.16145161290322582
NL,GA,full-bf-bof-ccus,2049,0.09999999999999998,0.9,1122361.9234408601,6656866.0,0.1686021505376344
NL,GA,full-bf-bof-ccus,2050,0.0,1.0,1164951.5499999998,6656866.0,0.17499999999999996
PL,GA,full-bf-bof-ccus,2019,,,0.0,8956063.0,0.0
PL,GA,full-bf-bof-ccus,2020,,,0.0,8956063.0,0.0
PL,GA,full-bf-bof-ccus,2021,,,0.0,8956063.0,0.0
PL,GA,full-bf-bof-ccus,2022,,,0.0,8956063.0,0.0
PL,GA,full-bf-bof-ccus,2023,,,0.0,8956063.0,0.0
PL,GA,full-bf-bof-ccus,2024,,,0.0,8956063.0,0.0
PL,GA,full-bf-bof-ccus,2025,,,0.0,8956063.0,0.0
PL,GA,full-bf-bof-ccus,2026,,,0.0,8956063.0,0.0
PL,GA,full-bf-bof-ccus,2027,,,0.0,8956063.0,0.0
PL,GA,full-bf-bof-ccus,2028,,,0.0,8956063.0,0.0
PL,GA,full-bf-bof-ccus,2029,,,0.0,8956063.0,0.0
PL,GA,full-bf-bof-ccus,2030,,,0.0,8956063.0,0.0
PL,GA,full-bf-bof-ccus,2031,,,0.0,8956063.0,0.0
PL,GA,full-bf-bof-ccus,2032,,,0.0,8956063.0,0.0
PL,GA,full-bf-bof-ccus,2033,,,0.0,8956063.0,0.0
PL,GA,full-bf-bof-ccus,2034,,,0.0,8956063.0,0.0
PL,GA,full-bf-bof-ccus,2035,,,0.0,8956063.0,0.0
PL,GA,full-bf-bof-ccus,2036,1.0,0.0,109111.81183084704,8956063.0,0.012183010752698708
PL,GA,full-bf-bof-ccus,2037,1.0,0.0,217562.99363823974,8956063.0,0.024292258064535693
PL,GA,full-bf-bof-ccus,2038,1.0,0.0,325353.54542217817,8956063.0,0.03632774193551097
PL,GA,full-bf-bof-ccus,2039,1.0,0.0,432483.4671826621,8956063.0,0.04828946236562451
PL,GA,full-bf-bof-ccus,2040,1.0,0.0,538952.7589196918,8956063.0,0.06017741935487633
PL,GA,full-bf-bof-ccus,2041,0.9,0.1,644761.4206332671,8956063.0,0.07199161290326644
PL,GA,full-bf-bof-ccus,2042,0.8,0.2,749909.4523233882,8956063.0,0.08373204301079483
PL,GA,full-bf-bof-ccus,2043,0.7,0.3,854396.8539900548,8956063.0,0.09539870967746149
PL,GA,full-bf-bof-ccus,2044,0.6,0.4,958223.6256332672,8956063.0,0.10699161290326645
PL,GA,full-bf-bof-ccus,2045,0.5,0.5,1061389.767253025,8956063.0,0.11851075268820965
PL,GA,full-bf-bof-ccus,2046,0.4,0.6,1163895.2788493289,8956063.0,0.12995612903229117
PL,GA,full-bf-bof-ccus,2047,0.30000000000000004,0.7,1265740.160422178,8956063.0,0.14132774193551095
PL,GA,full-bf-bof-ccus,2048,0.19999999999999996,0.8,1366924.4119715733,8956063.0,0.15262559139786905
PL,GA,full-bf-bof-ccus,2049,0.09999999999999998,0.9,1467448.0334975137,8956063.0,0.16384967741936537
PL,GA,full-bf-bof-ccus,2050,0.0,1.0,1567311.025,8956063.0,0.175
PT,GA,full-bf-bof-ccus,2019,,,0.0,2032846.0,0.0
PT,GA,full-bf-bof-ccus,2020,,,0.0,2032846.0,0.0
PT,GA,full-bf-bof-ccus,2021,,,0.0,2032846.0,0.0
PT,GA,full-bf-bof-ccus,2022,,,0.0,2032846.0,0.0
PT,GA,full-bf-bof-ccus,2023,,,0.0,2032846.0,0.0
PT,GA,full-bf-bof-ccus,2024,,,0.0,2032846.0,0.0
PT,GA,full-bf-bof-ccus,2025,,,0.0,2032846.0,0.0
PT,GA,full-bf-bof-ccus,2026,,,0.0,2032846.0,0.0
PT,GA,full-bf-bof-ccus,2027,,,0.0,2032846.0,0.0
PT,GA,full-bf-bof-ccus,2028,,,0.0,2032846.0,0.0
PT,GA,full-bf-bof-ccus,2029,,,0.0,2032846.0,0.0
PT,GA,full-bf-bof-ccus,2030,,,0.0,2032846.0,0.0
PT,GA,full-bf-bof-ccus,2031,,,0.0,2032846.0,0.0
PT,GA,full-bf-bof-ccus,2032,,,0.0,2032846.0,0.0
PT,GA,full-bf-bof-ccus,2033,,,0.0,2032846.0,0.0
PT,GA,full-bf-bof-ccus,2034,,,0.0,2032846.0,0.0
PT,GA,full-bf-bof-ccus,2035,,,0.0,2032846.0,0.0
PT,GA,full-bf-bof-ccus,2036,,,0.0,2032846.0,0.0
PT,GA,full-bf-bof-ccus,2037,,,0.0,2032846.0,0.0
PT,GA,full-bf-bof-ccus,2038,,,0.0,2032846.0,0.0
PT,GA,full-bf-bof-ccus,2039,,,0.0,2032846.0,0.0
PT,GA,full-bf-bof-ccus,2040,,,0.0,2032846.0,0.0
PT,GA,full-bf-bof-ccus,2041,,,0.0,2032846.0,0.0
PT,GA,full-bf-bof-ccus,2042,,,0.0,2032846.0,0.0
PT,GA,full-bf-bof-ccus,2043,,,0.0,2032846.0,0.0
PT,GA,full-bf-bof-ccus,2044,,,0.0,2032846.0,0.0
PT,GA,full-bf-bof-ccus,2045,,,0.0,2032846.0,0.0
PT,GA,full-bf-bof-ccus,2046,,,0.0,2032846.0,0.0
PT,GA,full-bf-bof-ccus,2047,,,0.0,2032846.0,0.0
PT,GA,full-bf-bof-ccus,2048,,,0.0,2032846.0,0.0
PT,GA,full-bf-bof-ccus,2049,,,0.0,2032846.0,0.0
PT,GA,full-bf-bof-ccus,2050,,,0.0,2032846.0,0.0
RO,GA,full-bf-bof-ccus,2019,,,0.0,3448322.0,0.0
RO,GA,full-bf-bof-ccus,2020,,,0.0,3448322.0,0.0
RO,GA,full-bf-bof-ccus,2021,,,0.0,3448322.0,0.0
RO,GA,full-bf-bof-ccus,2022,,,0.0,3448322.0,0.0
RO,GA,full-bf-bof-ccus,2023,,,0.0,3448322.0,0.0
RO,GA,full-bf-bof-ccus,2024,,,0.0,3448322.0,0.0
RO,GA,full-bf-bof-ccus,2025,,,0.0,3448322.0,0.0
RO,GA,full-bf-bof-ccus,2026,,,0.0,3448322.0,0.0
RO,GA,full-bf-bof-ccus,2027,,,0.0,3448322.0,0.0
RO,GA,full-bf-bof-ccus,2028,,,0.0,3448322.0,0.0
RO,GA,full-bf-bof-ccus,2029,,,0.0,3448322.0,0.0
RO,GA,full-bf-bof-ccus,2030,,,0.0,3448322.0,0.0
RO,GA,full-bf-bof-ccus,2031,,,0.0,3448322.0,0.0
RO,GA,full-bf-bof-ccus,2032,,,0.0,3448322.0,0.0
RO,GA,full-bf-bof-ccus,2033,,,0.0,3448322.0,0.0
RO,GA,full-bf-bof-ccus,2034,,,0.0,3448322.0,0.0
RO,GA,full-bf-bof-ccus,2035,,,0.0,3448322.0,0.0
RO,GA,full-bf-bof-ccus,2036,1.0,0.0,46625.76288777827,3448322.0,0.013521290322591181
RO,GA,full-bf-bof-ccus,2037,1.0,0.0,92337.90583920725,3448322.0,0.026777634408621714
RO,GA,full-bf-bof-ccus,2038,1.0,0.0,137136.42885428696,3448322.0,0.039769032258091606
RO,GA,full-bf-bof-ccus,2039,1.0,0.0,181021.33193301738,3448322.0,0.05249548387100085
RO,GA,full-bf-bof-ccus,2040,1.0,0.0,223992.61507539856,3448322.0,0.06495698924734945
RO,GA,full-bf-bof-ccus,2041,0.9,0.1,266050.2782814304,3448322.0,0.07715354838713741
RO,GA,full-bf-bof-ccus,2042,0.8,0.2,307194.3215511131,3448322.0,0.08908516129036473
RO,GA,full-bf-bof-ccus,2043,0.7,0.3,347424.7448844464,3448322.0,0.10075182795703139
RO,GA,full-bf-bof-ccus,2044,0.6,0.4,386741.5482814305,3448322.0,0.11215354838713743
RO,GA,full-bf-bof-ccus,2045,0.5,0.5,425144.73174206517,3448322.0,0.12329032258068277
RO,GA,full-bf-bof-ccus,2046,0.4,0.6,462634.29526635073,3448322.0,0.13416215053766753
RO,GA,full-bf-bof-ccus,2047,0.30000000000000004,0.7,499210.2388542869,3448322.0,0.1447690322580916
RO,GA,full-bf-bof-ccus,2048,0.19999999999999996,0.8,534872.562505874,3448322.0,0.15511096774195507
RO,GA,full-bf-bof-ccus,2049,0.09999999999999998,0.9,569621.2662211116,3448322.0,0.16518795698925787
RO,GA,full-bf-bof-ccus,2050,0.0,1.0,603456.35,3448322.0,0.175
SE,GA,full-bf-bof-ccus,2019,,,0.0,4720850.000000001,0.0
SE,GA,full-bf-bof-ccus,2020,,,0.0,4720850.000000001,0.0
SE,GA,full-bf-bof-ccus,2021,,,0.0,4720850.000000001,0.0
SE,GA,full-bf-bof-ccus,2022,,,0.0,4720850.000000001,0.0
SE,GA,full-bf-bof-ccus,2023,,,0.0,4720850.000000001,0.0
SE,GA,full-bf-bof-ccus,2024,,,0.0,4720850.000000001,0.0
SE,GA,full-bf-bof-ccus,2025,,,0.0,4720850.000000001,0.0
SE,GA,full-bf-bof-ccus,2026,,,0.0,4720850.000000001,0.0
SE,GA,full-bf-bof-ccus,2027,,,0.0,4720850.000000001,0.0
SE,GA,full-bf-bof-ccus,2028,,,0.0,4720850.000000001,0.0
SE,GA,full-bf-bof-ccus,2029,,,0.0,4720850.000000001,0.0
SE,GA,full-bf-bof-ccus,2030,,,0.0,4720850.000000001,0.0
SE,GA,full-bf-bof-ccus,2031,,,0.0,4720850.000000001,0.0
SE,GA,full-bf-bof-ccus,2032,,,0.0,4720850.000000001,0.0
SE,GA,full-bf-bof-ccus,2033,,,0.0,4720850.000000001,0.0
SE,GA,full-bf-bof-ccus,2034,,,0.0,4720850.000000001,0.0
SE,GA,full-bf-bof-ccus,2035,,,0.0,4720850.000000001,0.0
SE,GA,full-bf-bof-ccus,2036,1.0,0.0,63135.53113978495,4720850.000000001,0.013373763440860213
SE,GA,full-bf-bof-ccus,2037,1.0,0.0,125119.78402150539,4720850.000000001,0.02650365591397849
SE,GA,full-bf-bof-ccus,2038,1.0,0.0,185952.75864516132,4720850.000000001,0.039389677419354834
SE,GA,full-bf-bof-ccus,2039,1.0,0.0,245634.45501075272,4720850.000000001,0.05203182795698924
SE,GA,full-bf-bof-ccus,2040,1.0,0.0,304164.8731182796,4720850.000000001,0.06443010752688172
SE,GA,full-bf-bof-ccus,2041,0.9,0.1,361544.012967742,4720850.000000001,0.07658451612903225
SE,GA,full-bf-bof-ccus,2042,0.8,0.2,417771.8745591399,4720850.000000001,0.08849505376344087
SE,GA,full-bf-bof-ccus,2043,0.7,0.3,472848.45789247315,4720850.000000001,0.10016172043010751
SE,GA,full-bf-bof-ccus,2044,0.6,0.4,526773.762967742,4720850.000000001,0.11158451612903227
SE,GA,full-bf-bof-ccus,2045,0.5,0.5,579547.7897849462,4720850.000000001,0.12276344086021503
SE,GA,full-bf-bof-ccus,2046,0.4,0.6,631170.5383440861,4720850.000000001,0.1336984946236559
SE,GA,full-bf-bof-ccus,2047,0.30000000000000004,0.7,681642.0086451613,4720850.000000001,0.14438967741935482
SE,GA,full-bf-bof-ccus,2048,0.19999999999999996,0.8,730962.2006881722,4720850.000000001,0.15483698924731185
SE,GA,full-bf-bof-ccus,2049,0.09999999999999998,0.9,779131.1144731184,4720850.000000001,0.1650404301075269
SE,GA,full-bf-bof-ccus,2050,0.0,1.0,826148.7500000001,4720850.000000001,0.175
SI,GA,full-bf-bof-ccus,2019,,,0.0,623195.0,0.0
SI,GA,full-bf-bof-ccus,2020,,,0.0,623195.0,0.0
SI,GA,full-bf-bof-ccus,2021,,,0.0,623195.0,0.0
SI,GA,full-bf-bof-ccus,2022,,,0.0,623195.0,0.0
SI,GA,full-bf-bof-ccus,2023,,,0.0,623195.0,0.0
SI,GA,full-bf-bof-ccus,2024,,,0.0,623195.0,0.0
SI,GA,full-bf-bof-ccus,2025,,,0.0,623195.0,0.0
SI,GA,full-bf-bof-ccus,2026,,,0.0,623195.0,0.0
SI,GA,full-bf-bof-ccus,2027,,,0.0,623195.0,0.0
SI,GA,full-bf-bof-ccus,2028,,,0.0,623195.0,0.0
SI,GA,full-bf-bof-ccus,2029,,,0.0,623195.0,0.0
SI,GA,full-bf-bof-ccus,2030,,,0.0,623195.0,0.0
SI,GA,full-bf-bof-ccus,2031,,,0.0,623195.0,0.0
SI,GA,full-bf-bof-ccus,2032,,,0.0,623195.0,0.0
SI,GA,full-bf-bof-ccus,2033,,,0.0,623195.0,0.0
SI,GA,full-bf-bof-ccus,2034,,,0.0,623195.0,0.0
SI,GA,full-bf-bof-ccus,2035,,,0.0,623195.0,0.0
SI,GA,full-bf-bof-ccus,2036,,,0.0,623195.0,0.0
SI,GA,full-bf-bof-ccus,2037,,,0.0,623195.0,0.0
SI,GA,full-bf-bof-ccus,2038,,,0.0,623195.0,0.0
SI,GA,full-bf-bof-ccus,2039,,,0.0,623195.0,0.0
SI,GA,full-bf-bof-ccus,2040,,,0.0,623195.0,0.0
SI,GA,full-bf-bof-ccus,2041,,,0.0,623195.0,0.0
SI,GA,full-bf-bof-ccus,2042,,,0.0,623195.0,0.0
SI,GA,full-bf-bof-ccus,2043,,,0.0,623195.0,0.0
SI,GA,full-bf-bof-ccus,2044,,,0.0,623195.0,0.0
SI,GA,full-bf-bof-ccus,2045,,,0.0,623195.0,0.0
SI,GA,full-bf-bof-ccus,2046,,,0.0,623195.0,0.0
SI,GA,full-bf-bof-ccus,2047,,,0.0,623195.0,0.0
SI,GA,full-bf-bof-ccus,2048,,,0.0,623195.0,0.0
SI,GA,full-bf-bof-ccus,2049,,,0.0,623195.0,0.0
SI,GA,full-bf-bof-ccus,2050,,,0.0,623195.0,0.0
SK,GA,full-bf-bof-ccus,2019,,,0.0,3936731.457,0.0
SK,GA,full-bf-bof-ccus,2020,,,0.0,3936731.457,0.0
SK,GA,full-bf-bof-ccus,2021,,,0.0,3936731.457,0.0
SK,GA,full-bf-bof-ccus,2022,,,0.0,3936731.457,0.0
SK,GA,full-bf-bof-ccus,2023,,,0.0,3936731.457,0.0
SK,GA,full-bf-bof-ccus,2024,,,0.0,3936731.457,0.0
SK,GA,full-bf-bof-ccus,2025,,,0.0,3936731.457,0.0
SK,GA,full-bf-bof-ccus,2026,,,0.0,3936731.457,0.0
SK,GA,full-bf-bof-ccus,2027,,,0.0,3936731.457,0.0
SK,GA,full-bf-bof-ccus,2028,,,0.0,3936731.457,0.0
SK,GA,full-bf-bof-ccus,2029,,,0.0,3936731.457,0.0
SK,GA,full-bf-bof-ccus,2030,,,0.0,3936731.457,0.0
SK,GA,full-bf-bof-ccus,2031,,,0.0,3936731.457,0.0
SK,GA,full-bf-bof-ccus,2032,,,0.0,3936731.457,0.0
SK,GA,full-bf-bof-ccus,2033,,,0.0,3936731.457,0.0
SK,GA,full-bf-bof-ccus,2034,,,0.0,3936731.457,0.0
SK,GA,full-bf-bof-ccus,2035,,,0.0,3936731.457,0.0
SK,GA,full-bf-bof-ccus,2036,1.0,0.0,63808.06735114535,3936731.457,0.01620838709678473
SK,GA,full-bf-bof-ccus,2037,1.0,0.0,125061.9156042699,3936731.457,0.03176795698926687
SK,GA,full-bf-bof-ccus,2038,1.0,0.0,183761.54475937376,3936731.457,0.04667870967744645
SK,GA,full-bf-bof-ccus,2039,1.0,0.0,239906.95481645677,3936731.457,0.06094064516132343
SK,GA,full-bf-bof-ccus,2040,1.0,0.0,293498.1457755191,3936731.457,0.07455376344089784
SK,GA,full-bf-bof-ccus,2041,0.9,0.1,344535.1176365606,3936731.457,0.08751806451616966
SK,GA,full-bf-bof-ccus,2042,0.8,0.2,393017.87039958144,3936731.457,0.09983354838713893
SK,GA,full-bf-bof-ccus,2043,0.7,0.3,438946.4040645813,3936731.457,0.11150021505380557
SK,GA,full-bf-bof-ccus,2044,0.6,0.4,482320.7186315607,3936731.457,0.12251806451616969
SK,GA,full-bf-bof-ccus,2045,0.5,0.5,523140.814100519,3936731.457,0.13288709677423116
SK,GA,full-bf-bof-ccus,2046,0.4,0.6,561406.6904714569,3936731.457,0.1426073118279901
SK,GA,full-bf-bof-ccus,2047,0.30000000000000004,0.7,597118.3477443736,3936731.457,0.1516787096774464
SK,GA,full-bf-bof-ccus,2048,0.19999999999999996,0.8,630275.7859192699,3936731.457,0.1601012903226002
SK,GA,full-bf-bof-ccus,2049,0.09999999999999998,0.9,660879.0049961454,3936731.457,0.1678750537634514
SK,GA,full-bf-bof-ccus,2050,0.0,1.0,688928.0049749999,3936731.457,0.175
