country,scenario,year,olefins_activity,h2_intensity,h2_demand_t_per_yr,scope
AT,decarbo-eu,2019,756221.2142857142,0.02,15124.424285714284,petrochem_olefins
AT,decarbo-eu,2020,756221.2142857142,0.02,15124.424285714284,petrochem_olefins
AT,decarbo-eu,2021,756221.2142857142,0.02,15124.424285714284,petrochem_olefins
AT,decarbo-eu,2022,756221.2142857142,0.02,15124.424285714284,petrochem_olefins
AT,decarbo-eu,2023,756221.2142857142,0.02,15124.424285714284,petrochem_olefins
AT,decarbo-eu,2024,756221.2142857142,0.02,15124.424285714284,petrochem_olefins
AT,decarbo-eu,2025,716773.5686909088,0.02,14335.471373818176,petrochem_olefins
AT,decarbo-eu,2026,677325.9230961037,0.02,13546.518461922074,petrochem_olefins
AT,decarbo-eu,2027,637878.2775012985,0.02,12757.565550025969,petrochem_olefins
AT,decarbo-eu,2028,598430.631906493,0.02,11968.61263812986,petrochem_olefins
AT,decarbo-eu,2029,558982.9863116879,0.02,11179.659726233758,petrochem_olefins
AT,decarbo-eu,2030,519535.34071688243,0.02,10390.70681433765,petrochem_olefins
AT,decarbo-eu,2031,487464.9793285815,0.0198,9651.806590705914,petrochem_olefins
AT,decarbo-eu,2032,455394.61794028047,0.0196,8925.734511629496,petrochem_olefins
AT,decarbo-eu,2033,423324.2565519792,0.0194,8212.490577108398,petrochem_olefins
AT,decarbo-eu,2034,391253.89516367833,0.0192,7512.074787142623,petrochem_olefins
AT,decarbo-eu,2035,359183.5337753774,0.019,6824.48714173217,petrochem_olefins
AT,decarbo-eu,2036,327113.1723870762,0.0188,6149.727640877033,petrochem_olefins
AT,decarbo-eu,2037,295042.8109987752,0.018600000000000002,5487.796284577219,petrochem_olefins
AT,decarbo-eu,2038,262972.44961047417,0.0184,4838.693072832724,petrochem_olefins
AT,decarbo-eu,2039,230902.08822217313,0.0182,4202.418005643552,petrochem_olefins
AT,decarbo-eu,2040,198831.72683387206,0.018000000000000002,3578.9710830096974,petrochem_olefins
AT,decarbo-eu,2041,186106.98872816906,0.0178,3312.7043993614093,petrochem_olefins
AT,decarbo-eu,2042,173382.2506224661,0.0176,3051.5276109554034,petrochem_olefins
AT,decarbo-eu,2043,160657.51251676315,0.0174,2795.4407177916787,petrochem_olefins
AT,decarbo-eu,2044,147932.7744110602,0.017200000000000003,2544.4437198702362,petrochem_olefins
AT,decarbo-eu,2045,135208.03630535727,0.017,2298.5366171910737,petrochem_olefins
AT,decarbo-eu,2046,122483.29819965424,0.016800000000000002,2057.7194097541915,petrochem_olefins
AT,decarbo-eu,2047,109758.5600939513,0.0166,1821.9920975595915,petrochem_olefins
AT,decarbo-eu,2048,97033.82198824831,0.0164,1591.3546806072725,petrochem_olefins
AT,decarbo-eu,2049,84309.08388254538,0.016200000000000003,1365.8071588972355,petrochem_olefins
AT,decarbo-eu,2050,71584.34577684238,0.016,1145.3495324294781,petrochem_olefins
BE,decarbo-eu,2019,4033928.571428571,0.02,80678.57142857142,petrochem_olefins
BE,decarbo-eu,2020,4033928.571428571,0.02,80678.57142857142,petrochem_olefins
BE,decarbo-eu,2021,4033928.571428571,0.02,80678.57142857142,petrochem_olefins
BE,decarbo-eu,2022,4033928.571428571,0.02,80678.57142857142,petrochem_olefins
BE,decarbo-eu,2023,4033928.571428571,0.02,80678.57142857142,petrochem_olefins
BE,decarbo-eu,2024,4033928.571428571,0.02,80678.57142857142,petrochem_olefins
BE,decarbo-eu,2025,3823502.069719309,0.02,76470.04139438618,petrochem_olefins
BE,decarbo-eu,2026,3613075.568010046,0.02,72261.51136020092,petrochem_olefins
BE,decarbo-eu,2027,3402649.066300784,0.02,68052.98132601568,petrochem_olefins
BE,decarbo-eu,2028,3192222.5645915205,0.02,63844.45129183041,petrochem_olefins
BE,decarbo-eu,2029,2981796.062882258,0.02,59635.92125764516,petrochem_olefins
BE,decarbo-eu,2030,2771369.5611729953,0.02,55427.391223459905,petrochem_olefins
BE,decarbo-eu,2031,2600295.879746983,0.0198,51485.85841899026,petrochem_olefins
BE,decarbo-eu,2032,2429222.1983209695,0.0196,47612.755087091,petrochem_olefins
BE,decarbo-eu,2033,2258148.516894955,0.0194,43808.08122776213,petrochem_olefins
BE,decarbo-eu,2034,2087074.8354689425,0.0192,40071.83684100369,petrochem_olefins
BE,decarbo-eu,2035,1916001.1540429294,0.019,36404.02192681566,petrochem_olefins
BE,decarbo-eu,2036,1744927.4726169151,0.0188,32804.636485198,petrochem_olefins
BE,decarbo-eu,2037,1573853.7911909022,0.018600000000000002,29273.680516150784,petrochem_olefins
BE,decarbo-eu,2038,1402780.1097648889,0.0184,25811.154019673955,petrochem_olefins
BE,decarbo-eu,2039,1231706.4283388758,0.0182,22417.05699576754,petrochem_olefins
BE,decarbo-eu,2040,1060632.7469128626,0.018000000000000002,19091.38944443153,petrochem_olefins
BE,decarbo-eu,2041,992754.8777935395,0.0178,17671.036824725004,petrochem_olefins
BE,decarbo-eu,2042,924877.0086742166,0.0176,16277.835352666212,petrochem_olefins
BE,decarbo-eu,2043,856999.139554894,0.0174,14911.785028255154,petrochem_olefins
BE,decarbo-eu,2044,789121.2704355714,0.017200000000000003,13572.885851491832,petrochem_olefins
BE,decarbo-eu,2045,721243.4013162485,0.017,12261.137822376224,petrochem_olefins
BE,decarbo-eu,2046,653365.5321969256,0.016800000000000002,10976.540940908351,petrochem_olefins
BE,decarbo-eu,2047,585487.6630776029,0.0166,9719.095207088207,petrochem_olefins
BE,decarbo-eu,2048,517609.7939582799,0.0164,8488.80062091579,petrochem_olefins
BE,decarbo-eu,2049,449731.9248389573,0.016200000000000003,7285.65718239111,petrochem_olefins
BE,decarbo-eu,2050,381854.0557196344,0.016,6109.66489151415,petrochem_olefins
BG,decarbo-eu,2019,0.0,0.02,0.0,petrochem_olefins
BG,decarbo-eu,2020,0.0,0.02,0.0,petrochem_olefins
BG,decarbo-eu,2021,0.0,0.02,0.0,petrochem_olefins
BG,decarbo-eu,2022,0.0,0.02,0.0,petrochem_olefins
BG,decarbo-eu,2023,0.0,0.02,0.0,petrochem_olefins
BG,decarbo-eu,2024,0.0,0.02,0.0,petrochem_olefins
BG,decarbo-eu,2025,0.0,0.02,0.0,petrochem_olefins
BG,decarbo-eu,2026,0.0,0.02,0.0,petrochem_olefins
BG,decarbo-eu,2027,0.0,0.02,0.0,petrochem_olefins
BG,decarbo-eu,2028,0.0,0.02,0.0,petrochem_olefins
BG,decarbo-eu,2029,0.0,0.02,0.0,petrochem_olefins
BG,decarbo-eu,2030,0.0,0.02,0.0,petrochem_olefins
BG,decarbo-eu,2031,0.0,0.0198,0.0,petrochem_olefins
BG,decarbo-eu,2032,0.0,0.0196,0.0,petrochem_olefins
BG,decarbo-eu,2033,0.0,0.0194,0.0,petrochem_olefins
BG,decarbo-eu,2034,0.0,0.0192,0.0,petrochem_olefins
BG,decarbo-eu,2035,0.0,0.019,0.0,petrochem_olefins
BG,decarbo-eu,2036,0.0,0.0188,0.0,petrochem_olefins
BG,decarbo-eu,2037,0.0,0.018600000000000002,0.0,petrochem_olefins
BG,decarbo-eu,2038,0.0,0.0184,0.0,petrochem_olefins
BG,decarbo-eu,2039,0.0,0.0182,0.0,petrochem_olefins
BG,decarbo-eu,2040,0.0,0.018000000000000002,0.0,petrochem_olefins
BG,decarbo-eu,2041,0.0,0.0178,0.0,petrochem_olefins
BG,decarbo-eu,2042,0.0,0.0176,0.0,petrochem_olefins
BG,decarbo-eu,2043,0.0,0.0174,0.0,petrochem_olefins
BG,decarbo-eu,2044,0.0,0.017200000000000003,0.0,petrochem_olefins
BG,decarbo-eu,2045,0.0,0.017,0.0,petrochem_olefins
BG,decarbo-eu,2046,0.0,0.016800000000000002,0.0,petrochem_olefins
BG,decarbo-eu,2047,0.0,0.0166,0.0,petrochem_olefins
BG,decarbo-eu,2048,0.0,0.0164,0.0,petrochem_olefins
BG,decarbo-eu,2049,0.0,0.016200000000000003,0.0,petrochem_olefins
BG,decarbo-eu,2050,0.0,0.016,0.0,petrochem_olefins
CY,decarbo-eu,2019,0.0,0.02,0.0,petrochem_olefins
CY,decarbo-eu,2020,0.0,0.02,0.0,petrochem_olefins
CY,decarbo-eu,2021,0.0,0.02,0.0,petrochem_olefins
CY,decarbo-eu,2022,0.0,0.02,0.0,petrochem_olefins
CY,decarbo-eu,2023,0.0,0.02,0.0,petrochem_olefins
CY,decarbo-eu,2024,0.0,0.02,0.0,petrochem_olefins
CY,decarbo-eu,2025,0.0,0.02,0.0,petrochem_olefins
CY,decarbo-eu,2026,0.0,0.02,0.0,petrochem_olefins
CY,decarbo-eu,2027,0.0,0.02,0.0,petrochem_olefins
CY,decarbo-eu,2028,0.0,0.02,0.0,petrochem_olefins
CY,decarbo-eu,2029,0.0,0.02,0.0,petrochem_olefins
CY,decarbo-eu,2030,0.0,0.02,0.0,petrochem_olefins
CY,decarbo-eu,2031,0.0,0.0198,0.0,petrochem_olefins
CY,decarbo-eu,2032,0.0,0.0196,0.0,petrochem_olefins
CY,decarbo-eu,2033,0.0,0.0194,0.0,petrochem_olefins
CY,decarbo-eu,2034,0.0,0.0192,0.0,petrochem_olefins
CY,decarbo-eu,2035,0.0,0.019,0.0,petrochem_olefins
CY,decarbo-eu,2036,0.0,0.0188,0.0,petrochem_olefins
CY,decarbo-eu,2037,0.0,0.018600000000000002,0.0,petrochem_olefins
CY,decarbo-eu,2038,0.0,0.0184,0.0,petrochem_olefins
CY,decarbo-eu,2039,0.0,0.0182,0.0,petrochem_olefins
CY,decarbo-eu,2040,0.0,0.018000000000000002,0.0,petrochem_olefins
CY,decarbo-eu,2041,0.0,0.0178,0.0,petrochem_olefins
CY,decarbo-eu,2042,0.0,0.0176,0.0,petrochem_olefins
CY,decarbo-eu,2043,0.0,0.0174,0.0,petrochem_olefins
CY,decarbo-eu,2044,0.0,0.017200000000000003,0.0,petrochem_olefins
CY,decarbo-eu,2045,0.0,0.017,0.0,petrochem_olefins
CY,decarbo-eu,2046,0.0,0.016800000000000002,0.0,petrochem_olefins
CY,decarbo-eu,2047,0.0,0.0166,0.0,petrochem_olefins
CY,decarbo-eu,2048,0.0,0.0164,0.0,petrochem_olefins
CY,decarbo-eu,2049,0.0,0.016200000000000003,0.0,petrochem_olefins
CY,decarbo-eu,2050,0.0,0.016,0.0,petrochem_olefins
CZ,decarbo-eu,2019,654416.6428571427,0.02,13088.332857142856,petrochem_olefins
CZ,decarbo-eu,2020,654416.6428571427,0.02,13088.332857142856,petrochem_olefins
CZ,decarbo-eu,2021,654416.6428571427,0.02,13088.332857142856,petrochem_olefins
CZ,decarbo-eu,2022,654416.6428571427,0.02,13088.332857142856,petrochem_olefins
CZ,decarbo-eu,2023,654416.6428571427,0.02,13088.332857142856,petrochem_olefins
CZ,decarbo-eu,2024,654416.6428571427,0.02,13088.332857142856,petrochem_olefins
CZ,decarbo-eu,2025,620279.5473735752,0.02,12405.590947471503,petrochem_olefins
CZ,decarbo-eu,2026,586142.4518900076,0.02,11722.849037800152,petrochem_olefins
CZ,decarbo-eu,2027,552005.3564064401,0.02,11040.107128128802,petrochem_olefins
CZ,decarbo-eu,2028,517868.2609228724,0.02,10357.365218457448,petrochem_olefins
CZ,decarbo-eu,2029,483731.16543930495,0.02,9674.6233087861,petrochem_olefins
CZ,decarbo-eu,2030,449594.0699557374,0.02,8991.881399114747,petrochem_olefins
CZ,decarbo-eu,2031,421841.10846976424,0.0198,8352.453947701333,petrochem_olefins
CZ,decarbo-eu,2032,394088.1469837911,0.0196,7724.127680882305,petrochem_olefins
CZ,decarbo-eu,2033,366335.18549781776,0.0194,7106.902598657664,petrochem_olefins
CZ,decarbo-eu,2034,338582.2240118447,0.0192,6500.778701027418,petrochem_olefins
CZ,decarbo-eu,2035,310829.2625258715,0.019,5905.755987991559,petrochem_olefins
CZ,decarbo-eu,2036,283076.30103989824,0.0188,5321.834459550088,petrochem_olefins
CZ,decarbo-eu,2037,255323.3395539251,0.018600000000000002,4749.0141157030075,petrochem_olefins
CZ,decarbo-eu,2038,227570.37806795185,0.0184,4187.294956450314,petrochem_olefins
CZ,decarbo-eu,2039,199817.41658197873,0.0182,3636.676981792013,petrochem_olefins
CZ,decarbo-eu,2040,172064.4550960055,0.018000000000000002,3097.160191728099,petrochem_olefins
CZ,decarbo-eu,2041,161052.75609171874,0.0178,2866.7390584325935,petrochem_olefins
CZ,decarbo-eu,2042,150041.057087432,0.0176,2640.7226047388035,petrochem_olefins
CZ,decarbo-eu,2043,139029.35808314531,0.0174,2419.110830646728,petrochem_olefins
CZ,decarbo-eu,2044,128017.65907885862,0.017200000000000003,2201.9037361563687,petrochem_olefins
CZ,decarbo-eu,2045,117005.96007457192,0.017,1989.1013212677228,petrochem_olefins
CZ,decarbo-eu,2046,105994.26107028517,0.016800000000000002,1780.703585980791,petrochem_olefins
CZ,decarbo-eu,2047,94982.56206599844,0.0166,1576.7105302955742,petrochem_olefins
CZ,decarbo-eu,2048,83970.86306171173,0.0164,1377.1221542120725,petrochem_olefins
CZ,decarbo-eu,2049,72959.16405742503,0.016200000000000003,1181.9384577302858,petrochem_olefins
CZ,decarbo-eu,2050,61947.46505313829,0.016,991.1594408502126,petrochem_olefins
DE,decarbo-eu,2019,11021052.037907584,0.02,220421.04075815168,petrochem_olefins
DE,decarbo-eu,2020,11021052.037907584,0.02,220421.04075815168,petrochem_olefins
DE,decarbo-eu,2021,11021052.037907584,0.02,220421.04075815168,petrochem_olefins
DE,decarbo-eu,2022,11021052.037907584,0.02,220421.04075815168,petrochem_olefins
DE,decarbo-eu,2023,11021052.037907584,0.02,220421.04075815168,petrochem_olefins
DE,decarbo-eu,2024,11021052.037907584,0.02,220421.04075815168,petrochem_olefins
DE,decarbo-eu,2025,10446148.098874439,0.02,208922.96197748877,petrochem_olefins
DE,decarbo-eu,2026,9871244.159841293,0.02,197424.88319682586,petrochem_olefins
DE,decarbo-eu,2027,9296340.22080815,0.02,185926.804416163,petrochem_olefins
DE,decarbo-eu,2028,8721436.281775003,0.02,174428.72563550007,petrochem_olefins
DE,decarbo-eu,2029,8146532.342741859,0.02,162930.6468548372,petrochem_olefins
DE,decarbo-eu,2030,7571628.403708715,0.02,151432.5680741743,petrochem_olefins
DE,decarbo-eu,2031,7104239.873662231,0.0198,140663.94949851217,petrochem_olefins
DE,decarbo-eu,2032,6636851.343615746,0.0196,130082.28633486862,petrochem_olefins
DE,decarbo-eu,2033,6169462.81356926,0.0194,119687.57858324364,petrochem_olefins
DE,decarbo-eu,2034,5702074.283522776,0.0192,109479.82624363729,petrochem_olefins
DE,decarbo-eu,2035,5234685.753476291,0.019,99459.02931604952,petrochem_olefins
DE,decarbo-eu,2036,4767297.223429805,0.0188,89625.18780048033,petrochem_olefins
DE,decarbo-eu,2037,4299908.69338332,0.018600000000000002,79978.30169692976,petrochem_olefins
DE,decarbo-eu,2038,3832520.1633368353,0.0184,70518.37100539777,petrochem_olefins
DE,decarbo-eu,2039,3365131.633290351,0.0182,61245.39572588439,petrochem_olefins
DE,decarbo-eu,2040,2897743.1032438646,0.018000000000000002,52159.37585838957,petrochem_olefins
DE,decarbo-eu,2041,2712294.720968368,0.0178,48278.84603323695,petrochem_olefins
DE,decarbo-eu,2042,2526846.3386928695,0.0176,44472.4955609945,petrochem_olefins
DE,decarbo-eu,2043,2341397.956417373,0.0174,40740.324441662284,petrochem_olefins
DE,decarbo-eu,2044,2155949.5741418763,0.017200000000000003,37082.33267524028,petrochem_olefins
DE,decarbo-eu,2045,1970501.1918663788,0.017,33498.520261728445,petrochem_olefins
DE,decarbo-eu,2046,1785052.809590881,0.016800000000000002,29988.887201126807,petrochem_olefins
DE,decarbo-eu,2047,1599604.4273153835,0.0166,26553.433493435365,petrochem_olefins
DE,decarbo-eu,2048,1414156.045039886,0.0164,23192.15913865413,petrochem_olefins
DE,decarbo-eu,2049,1228707.6627643888,0.016200000000000003,19905.0641367831,petrochem_olefins
DE,decarbo-eu,2050,1043259.2804888914,0.016,16692.14848782226,petrochem_olefins
DK,decarbo-eu,2019,0.0,0.02,0.0,petrochem_olefins
DK,decarbo-eu,2020,0.0,0.02,0.0,petrochem_olefins
DK,decarbo-eu,2021,0.0,0.02,0.0,petrochem_olefins
DK,decarbo-eu,2022,0.0,0.02,0.0,petrochem_olefins
DK,decarbo-eu,2023,0.0,0.02,0.0,petrochem_olefins
DK,decarbo-eu,2024,0.0,0.02,0.0,petrochem_olefins
DK,decarbo-eu,2025,0.0,0.02,0.0,petrochem_olefins
DK,decarbo-eu,2026,0.0,0.02,0.0,petrochem_olefins
DK,decarbo-eu,2027,0.0,0.02,0.0,petrochem_olefins
DK,decarbo-eu,2028,0.0,0.02,0.0,petrochem_olefins
DK,decarbo-eu,2029,0.0,0.02,0.0,petrochem_olefins
DK,decarbo-eu,2030,0.0,0.02,0.0,petrochem_olefins
DK,decarbo-eu,2031,0.0,0.0198,0.0,petrochem_olefins
DK,decarbo-eu,2032,0.0,0.0196,0.0,petrochem_olefins
DK,decarbo-eu,2033,0.0,0.0194,0.0,petrochem_olefins
DK,decarbo-eu,2034,0.0,0.0192,0.0,petrochem_olefins
DK,decarbo-eu,2035,0.0,0.019,0.0,petrochem_olefins
DK,decarbo-eu,2036,0.0,0.0188,0.0,petrochem_olefins
DK,decarbo-eu,2037,0.0,0.018600000000000002,0.0,petrochem_olefins
DK,decarbo-eu,2038,0.0,0.0184,0.0,petrochem_olefins
DK,decarbo-eu,2039,0.0,0.0182,0.0,petrochem_olefins
DK,decarbo-eu,2040,0.0,0.018000000000000002,0.0,petrochem_olefins
DK,decarbo-eu,2041,0.0,0.0178,0.0,petrochem_olefins
DK,decarbo-eu,2042,0.0,0.0176,0.0,petrochem_olefins
DK,decarbo-eu,2043,0.0,0.0174,0.0,petrochem_olefins
DK,decarbo-eu,2044,0.0,0.017200000000000003,0.0,petrochem_olefins
DK,decarbo-eu,2045,0.0,0.017,0.0,petrochem_olefins
DK,decarbo-eu,2046,0.0,0.016800000000000002,0.0,petrochem_olefins
DK,decarbo-eu,2047,0.0,0.0166,0.0,petrochem_olefins
DK,decarbo-eu,2048,0.0,0.0164,0.0,petrochem_olefins
DK,decarbo-eu,2049,0.0,0.016200000000000003,0.0,petrochem_olefins
DK,decarbo-eu,2050,0.0,0.016,0.0,petrochem_olefins
EE,decarbo-eu,2019,0.0,0.02,0.0,petrochem_olefins
EE,decarbo-eu,2020,0.0,0.02,0.0,petrochem_olefins
EE,decarbo-eu,2021,0.0,0.02,0.0,petrochem_olefins
EE,decarbo-eu,2022,0.0,0.02,0.0,petrochem_olefins
EE,decarbo-eu,2023,0.0,0.02,0.0,petrochem_olefins
EE,decarbo-eu,2024,0.0,0.02,0.0,petrochem_olefins
EE,decarbo-eu,2025,0.0,0.02,0.0,petrochem_olefins
EE,decarbo-eu,2026,0.0,0.02,0.0,petrochem_olefins
EE,decarbo-eu,2027,0.0,0.02,0.0,petrochem_olefins
EE,decarbo-eu,2028,0.0,0.02,0.0,petrochem_olefins
EE,decarbo-eu,2029,0.0,0.02,0.0,petrochem_olefins
EE,decarbo-eu,2030,0.0,0.02,0.0,petrochem_olefins
EE,decarbo-eu,2031,0.0,0.0198,0.0,petrochem_olefins
EE,decarbo-eu,2032,0.0,0.0196,0.0,petrochem_olefins
EE,decarbo-eu,2033,0.0,0.0194,0.0,petrochem_olefins
EE,decarbo-eu,2034,0.0,0.0192,0.0,petrochem_olefins
EE,decarbo-eu,2035,0.0,0.019,0.0,petrochem_olefins
EE,decarbo-eu,2036,0.0,0.0188,0.0,petrochem_olefins
EE,decarbo-eu,2037,0.0,0.018600000000000002,0.0,petrochem_olefins
EE,decarbo-eu,2038,0.0,0.0184,0.0,petrochem_olefins
EE,decarbo-eu,2039,0.0,0.0182,0.0,petrochem_olefins
EE,decarbo-eu,2040,0.0,0.018000000000000002,0.0,petrochem_olefins
EE,decarbo-eu,2041,0.0,0.0178,0.0,petrochem_olefins
EE,decarbo-eu,2042,0.0,0.0176,0.0,petrochem_olefins
EE,decarbo-eu,2043,0.0,0.0174,0.0,petrochem_olefins
EE,decarbo-eu,2044,0.0,0.017200000000000003,0.0,petrochem_olefins
EE,decarbo-eu,2045,0.0,0.017,0.0,petrochem_olefins
EE,decarbo-eu,2046,0.0,0.016800000000000002,0.0,petrochem_olefins
EE,decarbo-eu,2047,0.0,0.0166,0.0,petrochem_olefins
EE,decarbo-eu,2048,0.0,0.0164,0.0,petrochem_olefins
EE,decarbo-eu,2049,0.0,0.016200000000000003,0.0,petrochem_olefins
EE,decarbo-eu,2050,0.0,0.016,0.0,petrochem_olefins
ES,decarbo-eu,2019,1800732.142857143,0.02,36014.64285714286,petrochem_olefins
ES,decarbo-eu,2020,1800732.142857143,0.02,36014.64285714286,petrochem_olefins
ES,decarbo-eu,2021,1800732.142857143,0.02,36014.64285714286,petrochem_olefins
ES,decarbo-eu,2022,1800732.142857143,0.02,36014.64285714286,petrochem_olefins
ES,decarbo-eu,2023,1800732.142857143,0.02,36014.64285714286,petrochem_olefins
ES,decarbo-eu,2024,1800732.142857143,0.02,36014.64285714286,petrochem_olefins
ES,decarbo-eu,2025,1706798.4604363206,0.02,34135.96920872641,petrochem_olefins
ES,decarbo-eu,2026,1612864.7780154983,0.02,32257.295560309965,petrochem_olefins
ES,decarbo-eu,2027,1518931.0955946762,0.02,30378.621911893526,petrochem_olefins
ES,decarbo-eu,2028,1424997.4131738537,0.02,28499.948263477072,petrochem_olefins
ES,decarbo-eu,2029,1331063.7307530316,0.02,26621.274615060633,petrochem_olefins
ES,decarbo-eu,2030,1237130.0483322092,0.02,24742.600966644186,petrochem_olefins
ES,decarbo-eu,2031,1160763.3324903299,0.0198,22983.113983308533,petrochem_olefins
ES,decarbo-eu,2032,1084396.6166484503,0.0196,21254.173686309623,petrochem_olefins
ES,decarbo-eu,2033,1008029.9008065702,0.0194,19555.78007564746,petrochem_olefins
ES,decarbo-eu,2034,931663.1849646909,0.0192,17887.933151322064,petrochem_olefins
ES,decarbo-eu,2035,855296.4691228113,0.019,16250.632913333415,petrochem_olefins
ES,decarbo-eu,2036,778929.7532809314,0.0188,14643.879361681511,petrochem_olefins
ES,decarbo-eu,2037,702563.0374390518,0.018600000000000002,13067.672496366364,petrochem_olefins
ES,decarbo-eu,2038,626196.3215971721,0.0184,11522.012317387966,petrochem_olefins
ES,decarbo-eu,2039,549829.6057552926,0.0182,10006.898824746326,petrochem_olefins
ES,decarbo-eu,2040,473462.8899134128,0.018000000000000002,8522.332018441432,petrochem_olefins
ES,decarbo-eu,2041,443162.43750145345,0.0178,7888.291387525871,petrochem_olefins
ES,decarbo-eu,2042,412861.9850894939,0.0176,7266.370937575093,petrochem_olefins
ES,decarbo-eu,2043,382561.5326775346,0.0174,6656.570668589102,petrochem_olefins
ES,decarbo-eu,2044,352261.08026557526,0.017200000000000003,6058.890580567896,petrochem_olefins
ES,decarbo-eu,2045,321960.62785361585,0.017,5473.33067351147,petrochem_olefins
ES,decarbo-eu,2046,291660.17544165644,0.016800000000000002,4899.890947419829,petrochem_olefins
ES,decarbo-eu,2047,261359.723029697,0.0166,4338.571402292971,petrochem_olefins
ES,decarbo-eu,2048,231059.27061773755,0.0164,3789.3720381308963,petrochem_olefins
ES,decarbo-eu,2049,200758.8182057782,0.016200000000000003,3252.2928549336075,petrochem_olefins
ES,decarbo-eu,2050,170458.36579381872,0.016,2727.3338527010997,petrochem_olefins
FI,decarbo-eu,2019,760061.5933764185,0.02,15201.23186752837,petrochem_olefins
FI,decarbo-eu,2020,760061.5933764185,0.02,15201.23186752837,petrochem_olefins
FI,decarbo-eu,2021,760061.5933764185,0.02,15201.23186752837,petrochem_olefins
FI,decarbo-eu,2022,760061.5933764185,0.02,15201.23186752837,petrochem_olefins
FI,decarbo-eu,2023,760061.5933764185,0.02,15201.23186752837,petrochem_olefins
FI,decarbo-eu,2024,760061.5933764185,0.02,15201.23186752837,petrochem_olefins
FI,decarbo-eu,2025,720413.6176262855,0.02,14408.272352525712,petrochem_olefins
FI,decarbo-eu,2026,680765.6418761528,0.02,13615.312837523057,petrochem_olefins
FI,decarbo-eu,2027,641117.6661260201,0.02,12822.353322520403,petrochem_olefins
FI,decarbo-eu,2028,601469.6903758872,0.02,12029.393807517745,petrochem_olefins
FI,decarbo-eu,2029,561821.7146257546,0.02,11236.434292515092,petrochem_olefins
FI,decarbo-eu,2030,522173.73887562164,0.02,10443.474777512432,petrochem_olefins
FI,decarbo-eu,2031,489940.511988469,0.0198,9700.822137371686,petrochem_olefins
FI,decarbo-eu,2032,457707.2851013162,0.0196,8971.062787985798,petrochem_olefins
FI,decarbo-eu,2033,425474.05821416323,0.0194,8254.196729354768,petrochem_olefins
FI,decarbo-eu,2034,393240.83132701035,0.0192,7550.2239614785985,petrochem_olefins
FI,decarbo-eu,2035,361007.60443985765,0.019,6859.144484357295,petrochem_olefins
FI,decarbo-eu,2036,328774.37755270465,0.0188,6180.958297990847,petrochem_olefins
FI,decarbo-eu,2037,296541.15066555183,0.018600000000000002,5515.665402379264,petrochem_olefins
FI,decarbo-eu,2038,264307.92377839895,0.0184,4863.26579752254,petrochem_olefins
FI,decarbo-eu,2039,232074.6968912462,0.0182,4223.759483420681,petrochem_olefins
FI,decarbo-eu,2040,199841.4700040933,0.018000000000000002,3597.14646007368,petrochem_olefins
FI,decarbo-eu,2041,187052.11083614998,0.0178,3329.5275728834695,petrochem_olefins
FI,decarbo-eu,2042,174262.75166820665,0.0176,3067.0244293604374,petrochem_olefins
FI,decarbo-eu,2043,161473.39250026332,0.0174,2809.6370295045817,petrochem_olefins
FI,decarbo-eu,2044,148684.03333232005,0.017200000000000003,2557.3653733159053,petrochem_olefins
FI,decarbo-eu,2045,135894.67416437675,0.017,2310.209460794405,petrochem_olefins
FI,decarbo-eu,2046,123105.31499643342,0.016800000000000002,2068.1692919400816,petrochem_olefins
FI,decarbo-eu,2047,110315.9558284901,0.0166,1831.2448667529356,petrochem_olefins
FI,decarbo-eu,2048,97526.59666054677,0.0164,1599.436185232967,petrochem_olefins
FI,decarbo-eu,2049,84737.23749260348,0.016200000000000003,1372.7432473801766,petrochem_olefins
FI,decarbo-eu,2050,71947.87832466015,0.016,1151.1660531945624,petrochem_olefins
FR,decarbo-eu,2019,5738129.428571427,0.02,114762.58857142855,petrochem_olefins
FR,decarbo-eu,2020,5738129.428571427,0.02,114762.58857142855,petrochem_olefins
FR,decarbo-eu,2021,5738129.428571427,0.02,114762.58857142855,petrochem_olefins
FR,decarbo-eu,2022,5738129.428571427,0.02,114762.58857142855,petrochem_olefins
FR,decarbo-eu,2023,5738129.428571427,0.02,114762.58857142855,petrochem_olefins
FR,decarbo-eu,2024,5738129.428571427,0.02,114762.58857142855,petrochem_olefins
FR,decarbo-eu,2025,5438804.718024644,0.02,108776.09436049289,petrochem_olefins
FR,decarbo-eu,2026,5139480.007477862,0.02,102789.60014955724,petrochem_olefins
FR,decarbo-eu,2027,4840155.296931079,0.02,96803.10593862158,petrochem_olefins
FR,decarbo-eu,2028,4540830.586384295,0.02,90816.61172768589,petrochem_olefins
FR,decarbo-eu,2029,4241505.875837512,0.02,84830.11751675025,petrochem_olefins
FR,decarbo-eu,2030,3942181.165290728,0.02,78843.62330581456,petrochem_olefins
FR,decarbo-eu,2031,3698834.5347139207,0.0198,73236.92378733563,petrochem_olefins
FR,decarbo-eu,2032,3455487.9041371127,0.0196,67727.5629210874,petrochem_olefins
FR,decarbo-eu,2033,3212141.2735603037,0.0194,62315.54070706989,petrochem_olefins
FR,decarbo-eu,2034,2968794.6429834967,0.0192,57000.85714528313,petrochem_olefins
FR,decarbo-eu,2035,2725448.012406688,0.019,51783.512235727074,petrochem_olefins
FR,decarbo-eu,2036,2482101.3818298792,0.0188,46663.50597840173,petrochem_olefins
FR,decarbo-eu,2037,2238754.7512530712,0.018600000000000002,41640.83837330713,petrochem_olefins
FR,decarbo-eu,2038,1995408.1206762628,0.0184,36715.50942044323,petrochem_olefins
FR,decarbo-eu,2039,1752061.4900994545,0.0182,31887.519119810073,petrochem_olefins
FR,decarbo-eu,2040,1508714.859522646,0.018000000000000002,27156.867471407633,petrochem_olefins
FR,decarbo-eu,2041,1412160.8448826768,0.0178,25136.463038911646,petrochem_olefins
FR,decarbo-eu,2042,1315606.8302427072,0.0176,23154.680212271647,petrochem_olefins
FR,decarbo-eu,2043,1219052.8156027375,0.0174,21211.518991487632,petrochem_olefins
FR,decarbo-eu,2044,1122498.8009627683,0.017200000000000003,19306.97937655962,petrochem_olefins
FR,decarbo-eu,2045,1025944.7863227986,0.017,17441.06136748758,petrochem_olefins
FR,decarbo-eu,2046,929390.7716828289,0.016800000000000002,15613.764964271528,petrochem_olefins
FR,decarbo-eu,2047,832836.7570428593,0.0166,13825.090166911465,petrochem_olefins
FR,decarbo-eu,2048,736282.7424028894,0.0164,12075.036975407387,petrochem_olefins
FR,decarbo-eu,2049,639728.7277629203,0.016200000000000003,10363.60538975931,petrochem_olefins
FR,decarbo-eu,2050,543174.7131229505,0.016,8690.795409967208,petrochem_olefins
GR,decarbo-eu,2019,3492.071428571428,0.02,69.84142857142857,petrochem_olefins
GR,decarbo-eu,2020,3492.071428571428,0.02,69.84142857142857,petrochem_olefins
GR,decarbo-eu,2021,3492.071428571428,0.02,69.84142857142857,petrochem_olefins
GR,decarbo-eu,2022,3492.071428571428,0.02,69.84142857142857,petrochem_olefins
GR,decarbo-eu,2023,3492.071428571428,0.02,69.84142857142857,petrochem_olefins
GR,decarbo-eu,2024,3492.071428571428,0.02,69.84142857142857,petrochem_olefins
GR,decarbo-eu,2025,3309.9104504029615,0.02,66.19820900805924,petrochem_olefins
GR,decarbo-eu,2026,3127.749472234495,0.02,62.5549894446899,petrochem_olefins
GR,decarbo-eu,2027,2945.588494066029,0.02,58.91176988132058,petrochem_olefins
GR,decarbo-eu,2028,2763.427515897562,0.02,55.26855031795124,petrochem_olefins
GR,decarbo-eu,2029,2581.266537729097,0.02,51.62533075458194,petrochem_olefins
GR,decarbo-eu,2030,2399.10555956063,0.02,47.982111191212596,petrochem_olefins
GR,decarbo-eu,2031,2251.011337139446,0.0198,44.57002447536103,petrochem_olefins
GR,decarbo-eu,2032,2102.9171147182624,0.0196,41.21717544847794,petrochem_olefins
GR,decarbo-eu,2033,1954.8228922970777,0.0194,37.92356411056331,petrochem_olefins
GR,decarbo-eu,2034,1806.728669875894,0.0192,34.68919046161716,petrochem_olefins
GR,decarbo-eu,2035,1658.6344474547102,0.019,31.514054501639492,petrochem_olefins
GR,decarbo-eu,2036,1510.5402250335258,0.0188,28.398156230630285,petrochem_olefins
GR,decarbo-eu,2037,1362.446002612342,0.018600000000000002,25.341495648589564,petrochem_olefins
GR,decarbo-eu,2038,1214.351780191158,0.0184,22.344072755517306,petrochem_olefins
GR,decarbo-eu,2039,1066.2575577699743,0.0182,19.40588755141353,petrochem_olefins
GR,decarbo-eu,2040,918.1633353487902,0.018000000000000002,16.526940036278226,petrochem_olefins
GR,decarbo-eu,2041,859.403155740564,0.0178,15.29737617218204,petrochem_olefins
GR,decarbo-eu,2042,800.6429761323377,0.0176,14.091316379929145,petrochem_olefins
GR,decarbo-eu,2043,741.8827965241117,0.0174,12.908760659519542,petrochem_olefins
GR,decarbo-eu,2044,683.1226169158856,0.017200000000000003,11.749709010953234,petrochem_olefins
GR,decarbo-eu,2045,624.3624373076595,0.017,10.614161434230214,petrochem_olefins
GR,decarbo-eu,2046,565.6022576994333,0.016800000000000002,9.50211792935048,petrochem_olefins
GR,decarbo-eu,2047,506.842078091207,0.0166,8.413578496314036,petrochem_olefins
GR,decarbo-eu,2048,448.0818984829809,0.0164,7.348543135120887,petrochem_olefins
GR,decarbo-eu,2049,389.3217188747548,0.016200000000000003,6.307011845771029,petrochem_olefins
GR,decarbo-eu,2050,330.56153926652865,0.016,5.288984628264458,petrochem_olefins
HR,decarbo-eu,2019,0.0,0.02,0.0,petrochem_olefins
HR,decarbo-eu,2020,0.0,0.02,0.0,petrochem_olefins
HR,decarbo-eu,2021,0.0,0.02,0.0,petrochem_olefins
HR,decarbo-eu,2022,0.0,0.02,0.0,petrochem_olefins
HR,decarbo-eu,2023,0.0,0.02,0.0,petrochem_olefins
HR,decarbo-eu,2024,0.0,0.02,0.0,petrochem_olefins
HR,decarbo-eu,2025,0.0,0.02,0.0,petrochem_olefins
HR,decarbo-eu,2026,0.0,0.02,0.0,petrochem_olefins
HR,decarbo-eu,2027,0.0,0.02,0.0,petrochem_olefins
HR,decarbo-eu,2028,0.0,0.02,0.0,petrochem_olefins
HR,decarbo-eu,2029,0.0,0.02,0.0,petrochem_olefins
HR,decarbo-eu,2030,0.0,0.02,0.0,petrochem_olefins
HR,decarbo-eu,2031,0.0,0.0198,0.0,petrochem_olefins
HR,decarbo-eu,2032,0.0,0.0196,0.0,petrochem_olefins
HR,decarbo-eu,2033,0.0,0.0194,0.0,petrochem_olefins
HR,decarbo-eu,2034,0.0,0.0192,0.0,petrochem_olefins
HR,decarbo-eu,2035,0.0,0.019,0.0,petrochem_olefins
HR,decarbo-eu,2036,0.0,0.0188,0.0,petrochem_olefins
HR,decarbo-eu,2037,0.0,0.018600000000000002,0.0,petrochem_olefins
HR,decarbo-eu,2038,0.0,0.0184,0.0,petrochem_olefins
HR,decarbo-eu,2039,0.0,0.0182,0.0,petrochem_olefins
HR,decarbo-eu,2040,0.0,0.018000000000000002,0.0,petrochem_olefins
HR,decarbo-eu,2041,0.0,0.0178,0.0,petrochem_olefins
HR,decarbo-eu,2042,0.0,0.0176,0.0,petrochem_olefins
HR,decarbo-eu,2043,0.0,0.0174,0.0,petrochem_olefins
HR,decarbo-eu,2044,0.0,0.017200000000000003,0.0,petrochem_olefins
HR,decarbo-eu,2045,0.0,0.017,0.0,petrochem_olefins
HR,decarbo-eu,2046,0.0,0.016800000000000002,0.0,petrochem_olefins
HR,decarbo-eu,2047,0.0,0.0166,0.0,petrochem_olefins
HR,decarbo-eu,2048,0.0,0.0164,0.0,petrochem_olefins
HR,decarbo-eu,2049,0.0,0.016200000000000003,0.0,petrochem_olefins
HR,decarbo-eu,2050,0.0,0.016,0.0,petrochem_olefins
HU,decarbo-eu,2019,838928.5714285712,0.02,16778.571428571424,petrochem_olefins
HU,decarbo-eu,2020,838928.5714285712,0.02,16778.571428571424,petrochem_olefins
HU,decarbo-eu,2021,838928.5714285712,0.02,16778.571428571424,petrochem_olefins
HU,decarbo-eu,2022,838928.5714285712,0.02,16778.571428571424,petrochem_olefins
HU,decarbo-eu,2023,838928.5714285712,0.02,16778.571428571424,petrochem_olefins
HU,decarbo-eu,2024,838928.5714285712,0.02,16778.571428571424,petrochem_olefins
HU,decarbo-eu,2025,838928.5714285712,0.02,16778.571428571424,petrochem_olefins
HU,decarbo-eu,2026,838928.5714285712,0.02,16778.571428571424,petrochem_olefins
HU,decarbo-eu,2027,838928.5714285712,0.02,16778.571428571424,petrochem_olefins
HU,decarbo-eu,2028,838928.5714285712,0.02,16778.571428571424,petrochem_olefins
HU,decarbo-eu,2029,838928.5714285712,0.02,16778.571428571424,petrochem_olefins
HU,decarbo-eu,2030,838928.5714285712,0.02,16778.571428571424,petrochem_olefins
HU,decarbo-eu,2031,838928.5714285712,0.0198,16610.785714285714,petrochem_olefins
HU,decarbo-eu,2032,838928.5714285712,0.0196,16442.999999999996,petrochem_olefins
HU,decarbo-eu,2033,838928.5714285712,0.0194,16275.214285714283,petrochem_olefins
HU,decarbo-eu,2034,838928.5714285712,0.0192,16107.428571428567,petrochem_olefins
HU,decarbo-eu,2035,838928.5714285712,0.019,15939.642857142853,petrochem_olefins
HU,decarbo-eu,2036,838928.5714285712,0.0188,15771.85714285714,petrochem_olefins
HU,decarbo-eu,2037,838928.5714285712,0.018600000000000002,15604.071428571428,petrochem_olefins
HU,decarbo-eu,2038,838928.5714285712,0.0184,15436.28571428571,petrochem_olefins
HU,decarbo-eu,2039,838928.5714285712,0.0182,15268.499999999998,petrochem_olefins
HU,decarbo-eu,2040,838928.5714285712,0.018000000000000002,15100.714285714284,petrochem_olefins
HU,decarbo-eu,2041,838928.5714285712,0.0178,14932.928571428569,petrochem_olefins
HU,decarbo-eu,2042,838928.5714285712,0.0176,14765.142857142855,petrochem_olefins
HU,decarbo-eu,2043,838928.5714285712,0.0174,14597.35714285714,petrochem_olefins
HU,decarbo-eu,2044,838928.5714285712,0.017200000000000003,14429.571428571428,petrochem_olefins
HU,decarbo-eu,2045,838928.5714285712,0.017,14261.785714285712,petrochem_olefins
HU,decarbo-eu,2046,838928.5714285712,0.016800000000000002,14093.999999999998,petrochem_olefins
HU,decarbo-eu,2047,838928.5714285712,0.0166,13926.214285714283,petrochem_olefins
HU,decarbo-eu,2048,838928.5714285712,0.0164,13758.428571428569,petrochem_olefins
HU,decarbo-eu,2049,838928.5714285712,0.016200000000000003,13590.642857142857,petrochem_olefins
HU,decarbo-eu,2050,838928.5714285712,0.016,13422.85714285714,petrochem_olefins
IE,decarbo-eu,2019,0.0,0.02,0.0,petrochem_olefins
IE,decarbo-eu,2020,0.0,0.02,0.0,petrochem_olefins
IE,decarbo-eu,2021,0.0,0.02,0.0,petrochem_olefins
IE,decarbo-eu,2022,0.0,0.02,0.0,petrochem_olefins
IE,decarbo-eu,2023,0.0,0.02,0.0,petrochem_olefins
IE,decarbo-eu,2024,0.0,0.02,0.0,petrochem_olefins
IE,decarbo-eu,2025,0.0,0.02,0.0,petrochem_olefins
IE,decarbo-eu,2026,0.0,0.02,0.0,petrochem_olefins
IE,decarbo-eu,2027,0.0,0.02,0.0,petrochem_olefins
IE,decarbo-eu,2028,0.0,0.02,0.0,petrochem_olefins
IE,decarbo-eu,2029,0.0,0.02,0.0,petrochem_olefins
IE,decarbo-eu,2030,0.0,0.02,0.0,petrochem_olefins
IE,decarbo-eu,2031,0.0,0.0198,0.0,petrochem_olefins
IE,decarbo-eu,2032,0.0,0.0196,0.0,petrochem_olefins
IE,decarbo-eu,2033,0.0,0.0194,0.0,petrochem_olefins
IE,decarbo-eu,2034,0.0,0.0192,0.0,petrochem_olefins
IE,decarbo-eu,2035,0.0,0.019,0.0,petrochem_olefins
IE,decarbo-eu,2036,0.0,0.0188,0.0,petrochem_olefins
IE,decarbo-eu,2037,0.0,0.018600000000000002,0.0,petrochem_olefins
IE,decarbo-eu,2038,0.0,0.0184,0.0,petrochem_olefins
IE,decarbo-eu,2039,0.0,0.0182,0.0,petrochem_olefins
IE,decarbo-eu,2040,0.0,0.018000000000000002,0.0,petrochem_olefins
IE,decarbo-eu,2041,0.0,0.0178,0.0,petrochem_olefins
IE,decarbo-eu,2042,0.0,0.0176,0.0,petrochem_olefins
IE,decarbo-eu,2043,0.0,0.0174,0.0,petrochem_olefins
IE,decarbo-eu,2044,0.0,0.017200000000000003,0.0,petrochem_olefins
IE,decarbo-eu,2045,0.0,0.017,0.0,petrochem_olefins
IE,decarbo-eu,2046,0.0,0.016800000000000002,0.0,petrochem_olefins
IE,decarbo-eu,2047,0.0,0.0166,0.0,petrochem_olefins
IE,decarbo-eu,2048,0.0,0.0164,0.0,petrochem_olefins
IE,decarbo-eu,2049,0.0,0.016200000000000003,0.0,petrochem_olefins
IE,decarbo-eu,2050,0.0,0.016,0.0,petrochem_olefins
IT,decarbo-eu,2019,2019801.571428571,0.02,40396.03142857142,petrochem_olefins
IT,decarbo-eu,2020,2019801.571428571,0.02,40396.03142857142,petrochem_olefins
IT,decarbo-eu,2021,2019801.571428571,0.02,40396.03142857142,petrochem_olefins
IT,decarbo-eu,2022,2019801.571428571,0.02,40396.03142857142,petrochem_olefins
IT,decarbo-eu,2023,2019801.571428571,0.02,40396.03142857142,petrochem_olefins
IT,decarbo-eu,2024,2019801.571428571,0.02,40396.03142857142,petrochem_olefins
IT,decarbo-eu,2025,1914440.3159435561,0.02,38288.806318871124,petrochem_olefins
IT,decarbo-eu,2026,1809079.060458542,0.02,36181.58120917084,petrochem_olefins
IT,decarbo-eu,2027,1703717.8049735278,0.02,34074.356099470555,petrochem_olefins
IT,decarbo-eu,2028,1598356.5494885128,0.02,31967.130989770256,petrochem_olefins
IT,decarbo-eu,2029,1492995.2940034983,0.02,29859.905880069968,petrochem_olefins
IT,decarbo-eu,2030,1387634.0385184838,0.02,27752.680770369676,petrochem_olefins
IT,decarbo-eu,2031,1301976.8721963828,0.0198,25779.142069488382,petrochem_olefins
IT,decarbo-eu,2032,1216319.705874282,0.0196,23839.866235135923,petrochem_olefins
IT,decarbo-eu,2033,1130662.5395521808,0.0194,21934.853267312308,petrochem_olefins
IT,decarbo-eu,2034,1045005.37323008,0.0192,20064.103166017536,petrochem_olefins
IT,decarbo-eu,2035,959348.206907979,0.019,18227.6159312516,petrochem_olefins
IT,decarbo-eu,2036,873691.0405858776,0.0188,16425.3915630145,petrochem_olefins
IT,decarbo-eu,2037,788033.8742637766,0.018600000000000002,14657.430061306246,petrochem_olefins
IT,decarbo-eu,2038,702376.7079416757,0.0184,12923.731426126833,petrochem_olefins
IT,decarbo-eu,2039,616719.5416195747,0.0182,11224.29565747626,petrochem_olefins
IT,decarbo-eu,2040,531062.3752974735,0.018000000000000002,9559.122755354525,petrochem_olefins
IT,decarbo-eu,2041,497075.6984674774,0.0178,8847.947432721097,petrochem_olefins
IT,decarbo-eu,2042,463089.0216374811,0.0176,8150.366780819668,petrochem_olefins
IT,decarbo-eu,2043,429102.34480748494,0.0174,7466.380799650237,petrochem_olefins
IT,decarbo-eu,2044,395115.6679774889,0.017200000000000003,6795.98948921281,petrochem_olefins
IT,decarbo-eu,2045,361128.9911474927,0.017,6139.192849507377,petrochem_olefins
IT,decarbo-eu,2046,327142.31431749644,0.016800000000000002,5495.990880533941,petrochem_olefins
IT,decarbo-eu,2047,293155.6374875002,0.0166,4866.383582292504,petrochem_olefins
IT,decarbo-eu,2048,259168.96065750398,0.0164,4250.370954783066,petrochem_olefins
IT,decarbo-eu,2049,225182.28382750787,0.016200000000000003,3647.952998005628,petrochem_olefins
IT,decarbo-eu,2050,191195.60699751164,0.016,3059.1297119601863,petrochem_olefins
LT,decarbo-eu,2019,0.0,0.02,0.0,petrochem_olefins
LT,decarbo-eu,2020,0.0,0.02,0.0,petrochem_olefins
LT,decarbo-eu,2021,0.0,0.02,0.0,petrochem_olefins
LT,decarbo-eu,2022,0.0,0.02,0.0,petrochem_olefins
LT,decarbo-eu,2023,0.0,0.02,0.0,petrochem_olefins
LT,decarbo-eu,2024,0.0,0.02,0.0,petrochem_olefins
LT,decarbo-eu,2025,0.0,0.02,0.0,petrochem_olefins
LT,decarbo-eu,2026,0.0,0.02,0.0,petrochem_olefins
LT,decarbo-eu,2027,0.0,0.02,0.0,petrochem_olefins
LT,decarbo-eu,2028,0.0,0.02,0.0,petrochem_olefins
LT,decarbo-eu,2029,0.0,0.02,0.0,petrochem_olefins
LT,decarbo-eu,2030,0.0,0.02,0.0,petrochem_olefins
LT,decarbo-eu,2031,0.0,0.0198,0.0,petrochem_olefins
LT,decarbo-eu,2032,0.0,0.0196,0.0,petrochem_olefins
LT,decarbo-eu,2033,0.0,0.0194,0.0,petrochem_olefins
LT,decarbo-eu,2034,0.0,0.0192,0.0,petrochem_olefins
LT,decarbo-eu,2035,0.0,0.019,0.0,petrochem_olefins
LT,decarbo-eu,2036,0.0,0.0188,0.0,petrochem_olefins
LT,decarbo-eu,2037,0.0,0.018600000000000002,0.0,petrochem_olefins
LT,decarbo-eu,2038,0.0,0.0184,0.0,petrochem_olefins
LT,decarbo-eu,2039,0.0,0.0182,0.0,petrochem_olefins
LT,decarbo-eu,2040,0.0,0.018000000000000002,0.0,petrochem_olefins
LT,decarbo-eu,2041,0.0,0.0178,0.0,petrochem_olefins
LT,decarbo-eu,2042,0.0,0.0176,0.0,petrochem_olefins
LT,decarbo-eu,2043,0.0,0.0174,0.0,petrochem_olefins
LT,decarbo-eu,2044,0.0,0.017200000000000003,0.0,petrochem_olefins
LT,decarbo-eu,2045,0.0,0.017,0.0,petrochem_olefins
LT,decarbo-eu,2046,0.0,0.016800000000000002,0.0,petrochem_olefins
LT,decarbo-eu,2047,0.0,0.0166,0.0,petrochem_olefins
LT,decarbo-eu,2048,0.0,0.0164,0.0,petrochem_olefins
LT,decarbo-eu,2049,0.0,0.016200000000000003,0.0,petrochem_olefins
LT,decarbo-eu,2050,0.0,0.016,0.0,petrochem_olefins
LU,decarbo-eu,2019,0.0,0.02,0.0,petrochem_olefins
LU,decarbo-eu,2020,0.0,0.02,0.0,petrochem_olefins
LU,decarbo-eu,2021,0.0,0.02,0.0,petrochem_olefins
LU,decarbo-eu,2022,0.0,0.02,0.0,petrochem_olefins
LU,decarbo-eu,2023,0.0,0.02,0.0,petrochem_olefins
LU,decarbo-eu,2024,0.0,0.02,0.0,petrochem_olefins
LU,decarbo-eu,2025,0.0,0.02,0.0,petrochem_olefins
LU,decarbo-eu,2026,0.0,0.02,0.0,petrochem_olefins
LU,decarbo-eu,2027,0.0,0.02,0.0,petrochem_olefins
LU,decarbo-eu,2028,0.0,0.02,0.0,petrochem_olefins
LU,decarbo-eu,2029,0.0,0.02,0.0,petrochem_olefins
LU,decarbo-eu,2030,0.0,0.02,0.0,petrochem_olefins
LU,decarbo-eu,2031,0.0,0.0198,0.0,petrochem_olefins
LU,decarbo-eu,2032,0.0,0.0196,0.0,petrochem_olefins
LU,decarbo-eu,2033,0.0,0.0194,0.0,petrochem_olefins
LU,decarbo-eu,2034,0.0,0.0192,0.0,petrochem_olefins
LU,decarbo-eu,2035,0.0,0.019,0.0,petrochem_olefins
LU,decarbo-eu,2036,0.0,0.0188,0.0,petrochem_olefins
LU,decarbo-eu,2037,0.0,0.018600000000000002,0.0,petrochem_olefins
LU,decarbo-eu,2038,0.0,0.0184,0.0,petrochem_olefins
LU,decarbo-eu,2039,0.0,0.0182,0.0,petrochem_olefins
LU,decarbo-eu,2040,0.0,0.018000000000000002,0.0,petrochem_olefins
LU,decarbo-eu,2041,0.0,0.0178,0.0,petrochem_olefins
LU,decarbo-eu,2042,0.0,0.0176,0.0,petrochem_olefins
LU,decarbo-eu,2043,0.0,0.0174,0.0,petrochem_olefins
LU,decarbo-eu,2044,0.0,0.017200000000000003,0.0,petrochem_olefins
LU,decarbo-eu,2045,0.0,0.017,0.0,petrochem_olefins
LU,decarbo-eu,2046,0.0,0.016800000000000002,0.0,petrochem_olefins
LU,decarbo-eu,2047,0.0,0.0166,0.0,petrochem_olefins
LU,decarbo-eu,2048,0.0,0.0164,0.0,petrochem_olefins
LU,decarbo-eu,2049,0.0,0.016200000000000003,0.0,petrochem_olefins
LU,decarbo-eu,2050,0.0,0.016,0.0,petrochem_olefins
LV,decarbo-eu,2019,0.0,0.02,0.0,petrochem_olefins
LV,decarbo-eu,2020,0.0,0.02,0.0,petrochem_olefins
LV,decarbo-eu,2021,0.0,0.02,0.0,petrochem_olefins
LV,decarbo-eu,2022,0.0,0.02,0.0,petrochem_olefins
LV,decarbo-eu,2023,0.0,0.02,0.0,petrochem_olefins
LV,decarbo-eu,2024,0.0,0.02,0.0,petrochem_olefins
LV,decarbo-eu,2025,0.0,0.02,0.0,petrochem_olefins
LV,decarbo-eu,2026,0.0,0.02,0.0,petrochem_olefins
LV,decarbo-eu,2027,0.0,0.02,0.0,petrochem_olefins
LV,decarbo-eu,2028,0.0,0.02,0.0,petrochem_olefins
LV,decarbo-eu,2029,0.0,0.02,0.0,petrochem_olefins
LV,decarbo-eu,2030,0.0,0.02,0.0,petrochem_olefins
LV,decarbo-eu,2031,0.0,0.0198,0.0,petrochem_olefins
LV,decarbo-eu,2032,0.0,0.0196,0.0,petrochem_olefins
LV,decarbo-eu,2033,0.0,0.0194,0.0,petrochem_olefins
LV,decarbo-eu,2034,0.0,0.0192,0.0,petrochem_olefins
LV,decarbo-eu,2035,0.0,0.019,0.0,petrochem_olefins
LV,decarbo-eu,2036,0.0,0.0188,0.0,petrochem_olefins
LV,decarbo-eu,2037,0.0,0.018600000000000002,0.0,petrochem_olefins
LV,decarbo-eu,2038,0.0,0.0184,0.0,petrochem_olefins
LV,decarbo-eu,2039,0.0,0.0182,0.0,petrochem_olefins
LV,decarbo-eu,2040,0.0,0.018000000000000002,0.0,petrochem_olefins
LV,decarbo-eu,2041,0.0,0.0178,0.0,petrochem_olefins
LV,decarbo-eu,2042,0.0,0.0176,0.0,petrochem_olefins
LV,decarbo-eu,2043,0.0,0.0174,0.0,petrochem_olefins
LV,decarbo-eu,2044,0.0,0.017200000000000003,0.0,petrochem_olefins
LV,decarbo-eu,2045,0.0,0.017,0.0,petrochem_olefins
LV,decarbo-eu,2046,0.0,0.016800000000000002,0.0,petrochem_olefins
LV,decarbo-eu,2047,0.0,0.0166,0.0,petrochem_olefins
LV,decarbo-eu,2048,0.0,0.0164,0.0,petrochem_olefins
LV,decarbo-eu,2049,0.0,0.016200000000000003,0.0,petrochem_olefins
LV,decarbo-eu,2050,0.0,0.016,0.0,petrochem_olefins
MT,decarbo-eu,2019,0.0,0.02,0.0,petrochem_olefins
MT,decarbo-eu,2020,0.0,0.02,0.0,petrochem_olefins
MT,decarbo-eu,2021,0.0,0.02,0.0,petrochem_olefins
MT,decarbo-eu,2022,0.0,0.02,0.0,petrochem_olefins
MT,decarbo-eu,2023,0.0,0.02,0.0,petrochem_olefins
MT,decarbo-eu,2024,0.0,0.02,0.0,petrochem_olefins
MT,decarbo-eu,2025,0.0,0.02,0.0,petrochem_olefins
MT,decarbo-eu,2026,0.0,0.02,0.0,petrochem_olefins
MT,decarbo-eu,2027,0.0,0.02,0.0,petrochem_olefins
MT,decarbo-eu,2028,0.0,0.02,0.0,petrochem_olefins
MT,decarbo-eu,2029,0.0,0.02,0.0,petrochem_olefins
MT,decarbo-eu,2030,0.0,0.02,0.0,petrochem_olefins
MT,decarbo-eu,2031,0.0,0.0198,0.0,petrochem_olefins
MT,decarbo-eu,2032,0.0,0.0196,0.0,petrochem_olefins
MT,decarbo-eu,2033,0.0,0.0194,0.0,petrochem_olefins
MT,decarbo-eu,2034,0.0,0.0192,0.0,petrochem_olefins
MT,decarbo-eu,2035,0.0,0.019,0.0,petrochem_olefins
MT,decarbo-eu,2036,0.0,0.0188,0.0,petrochem_olefins
MT,decarbo-eu,2037,0.0,0.018600000000000002,0.0,petrochem_olefins
MT,decarbo-eu,2038,0.0,0.0184,0.0,petrochem_olefins
MT,decarbo-eu,2039,0.0,0.0182,0.0,petrochem_olefins
MT,decarbo-eu,2040,0.0,0.018000000000000002,0.0,petrochem_olefins
MT,decarbo-eu,2041,0.0,0.0178,0.0,petrochem_olefins
MT,decarbo-eu,2042,0.0,0.0176,0.0,petrochem_olefins
MT,decarbo-eu,2043,0.0,0.0174,0.0,petrochem_olefins
MT,decarbo-eu,2044,0.0,0.017200000000000003,0.0,petrochem_olefins
MT,decarbo-eu,2045,0.0,0.017,0.0,petrochem_olefins
MT,decarbo-eu,2046,0.0,0.016800000000000002,0.0,petrochem_olefins
MT,decarbo-eu,2047,0.0,0.0166,0.0,petrochem_olefins
MT,decarbo-eu,2048,0.0,0.0164,0.0,petrochem_olefins
MT,decarbo-eu,2049,0.0,0.016200000000000003,0.0,petrochem_olefins
MT,decarbo-eu,2050,0.0,0.016,0.0,petrochem_olefins
NL,decarbo-eu,2019,5269000.5,0.02,105380.01000000001,petrochem_olefins
NL,decarbo-eu,2020,5269000.5,0.02,105380.01000000001,petrochem_olefins
NL,decarbo-eu,2021,5269000.5,0.02,105380.01000000001,petrochem_olefins
NL,decarbo-eu,2022,5269000.5,0.02,105380.01000000001,petrochem_olefins
NL,decarbo-eu,2023,5269000.5,0.02,105380.01000000001,petrochem_olefins
NL,decarbo-eu,2024,5269000.5,0.02,105380.01000000001,petrochem_olefins
NL,decarbo-eu,2025,4994147.506674263,0.02,99882.95013348525,petrochem_olefins
NL,decarbo-eu,2026,4719294.513348526,0.02,94385.89026697053,petrochem_olefins
NL,decarbo-eu,2027,4444441.52002279,0.02,88888.8304004558,petrochem_olefins
NL,decarbo-eu,2028,4169588.526697053,0.02,83391.77053394106,petrochem_olefins
NL,decarbo-eu,2029,3894735.5333713177,0.02,77894.71066742635,petrochem_olefins
NL,decarbo-eu,2030,3619882.54004558,0.02,72397.6508009116,petrochem_olefins
NL,decarbo-eu,2031,3396431.0591852516,0.0198,67249.33497186798,petrochem_olefins
NL,decarbo-eu,2032,3172979.5783249238,0.0196,62190.3997351685,petrochem_olefins
NL,decarbo-eu,2033,2949528.097464593,0.0194,57220.845090813105,petrochem_olefins
NL,decarbo-eu,2034,2726076.6166042653,0.0192,52340.67103880189,petrochem_olefins
NL,decarbo-eu,2035,2502625.1357439365,0.019,47549.877579134794,petrochem_olefins
NL,decarbo-eu,2036,2279173.6548836073,0.0188,42848.464711811816,petrochem_olefins
NL,decarbo-eu,2037,2055722.1740232785,0.018600000000000002,38236.43243683298,petrochem_olefins
NL,decarbo-eu,2038,1832270.6931629498,0.0184,33713.78075419828,petrochem_olefins
NL,decarbo-eu,2039,1608819.2123026208,0.0182,29280.5096639077,petrochem_olefins
NL,decarbo-eu,2040,1385367.7314422918,0.018000000000000002,24936.619165961256,petrochem_olefins
NL,decarbo-eu,2041,1296707.6275272667,0.0178,23081.39576998535,petrochem_olefins
NL,decarbo-eu,2042,1208047.5236122413,0.0176,21261.63641557545,petrochem_olefins
NL,decarbo-eu,2043,1119387.4196972162,0.0174,19477.34110273156,petrochem_olefins
NL,decarbo-eu,2044,1030727.3157821912,0.017200000000000003,17728.50983145369,petrochem_olefins
NL,decarbo-eu,2045,942067.211867166,0.017,16015.142601741823,petrochem_olefins
NL,decarbo-eu,2046,853407.1079521406,0.016800000000000002,14337.239413595964,petrochem_olefins
NL,decarbo-eu,2047,764747.0040371154,0.0166,12694.800267016115,petrochem_olefins
NL,decarbo-eu,2048,676086.9001220899,0.0164,11087.825162002275,petrochem_olefins
NL,decarbo-eu,2049,587426.796207065,0.016200000000000003,9516.314098554454,petrochem_olefins
NL,decarbo-eu,2050,498766.6922920398,0.016,7980.267076672637,petrochem_olefins
PL,decarbo-eu,2019,989960.3571428576,0.02,19799.207142857154,petrochem_olefins
PL,decarbo-eu,2020,989960.3571428576,0.02,19799.207142857154,petrochem_olefins
PL,decarbo-eu,2021,989960.3571428576,0.02,19799.207142857154,petrochem_olefins
PL,decarbo-eu,2022,989960.3571428576,0.02,19799.207142857154,petrochem_olefins
PL,decarbo-eu,2023,989960.3571428576,0.02,19799.207142857154,petrochem_olefins
PL,decarbo-eu,2024,989960.3571428576,0.02,19799.207142857154,petrochem_olefins
PL,decarbo-eu,2025,938319.9051378653,0.02,18766.398102757306,petrochem_olefins
PL,decarbo-eu,2026,886679.4531328732,0.02,17733.589062657466,petrochem_olefins
PL,decarbo-eu,2027,835039.0011278811,0.02,16700.78002255762,petrochem_olefins
PL,decarbo-eu,2028,783398.5491228888,0.02,15667.970982457777,petrochem_olefins
PL,decarbo-eu,2029,731758.0971178969,0.02,14635.161942357938,petrochem_olefins
PL,decarbo-eu,2030,680117.6451129046,0.02,13602.352902258091,petrochem_olefins
PL,decarbo-eu,2031,638134.7096782636,0.0198,12635.067251629622,petrochem_olefins
PL,decarbo-eu,2032,596151.7742436226,0.0196,11684.574775175002,petrochem_olefins
PL,decarbo-eu,2033,554168.8388089814,0.0194,10750.875472894239,petrochem_olefins
PL,decarbo-eu,2034,512185.9033743403,0.0192,9833.969344787334,petrochem_olefins
PL,decarbo-eu,2035,470202.96793969924,0.019,8933.856390854286,petrochem_olefins
PL,decarbo-eu,2036,428220.03250505804,0.0188,8050.536611095092,petrochem_olefins
PL,decarbo-eu,2037,386237.09707041713,0.018600000000000002,7184.010005509759,petrochem_olefins
PL,decarbo-eu,2038,344254.1616357761,0.0184,6334.27657409828,petrochem_olefins
PL,decarbo-eu,2039,302271.2262011351,0.0182,5501.336316860658,petrochem_olefins
PL,decarbo-eu,2040,260288.2907664939,0.018000000000000002,4685.189233796891,petrochem_olefins
PL,decarbo-eu,2041,243630.48476779618,0.0178,4336.622628866772,petrochem_olefins
PL,decarbo-eu,2042,226972.67876909845,0.0176,3994.719146336133,petrochem_olefins
PL,decarbo-eu,2043,210314.87277040075,0.0174,3659.478786204973,petrochem_olefins
PL,decarbo-eu,2044,193657.06677170307,0.017200000000000003,3330.9015484732936,petrochem_olefins
PL,decarbo-eu,2045,176999.26077300537,0.017,3008.9874331410915,petrochem_olefins
PL,decarbo-eu,2046,160341.45477430764,0.016800000000000002,2693.7364402083685,petrochem_olefins
PL,decarbo-eu,2047,143683.6487756099,0.0166,2385.1485696751247,petrochem_olefins
PL,decarbo-eu,2048,127025.8427769122,0.0164,2083.2238215413604,petrochem_olefins
PL,decarbo-eu,2049,110368.03677821453,0.016200000000000003,1787.9621958070757,petrochem_olefins
PL,decarbo-eu,2050,93710.23077951682,0.016,1499.3636924722691,petrochem_olefins
PT,decarbo-eu,2019,871865.0714285712,0.02,17437.301428571423,petrochem_olefins
PT,decarbo-eu,2020,871865.0714285712,0.02,17437.301428571423,petrochem_olefins
PT,decarbo-eu,2021,871865.0714285712,0.02,17437.301428571423,petrochem_olefins
PT,decarbo-eu,2022,871865.0714285712,0.02,17437.301428571423,petrochem_olefins
PT,decarbo-eu,2023,871865.0714285712,0.02,17437.301428571423,petrochem_olefins
PT,decarbo-eu,2024,871865.0714285712,0.02,17437.301428571423,petrochem_olefins
PT,decarbo-eu,2025,826384.9609866951,0.02,16527.699219733902,petrochem_olefins
PT,decarbo-eu,2026,780904.8505448193,0.02,15618.097010896385,petrochem_olefins
PT,decarbo-eu,2027,735424.7401029433,0.02,14708.494802058865,petrochem_olefins
PT,decarbo-eu,2028,689944.629661067,0.02,13798.89259322134,petrochem_olefins
PT,decarbo-eu,2029,644464.5192191912,0.02,12889.290384383823,petrochem_olefins
PT,decarbo-eu,2030,598984.4087773149,0.02,11979.688175546298,petrochem_olefins
PT,decarbo-eu,2031,562009.7413197755,0.0198,11127.792878131555,petrochem_olefins
PT,decarbo-eu,2032,525035.0738622358,0.0196,10290.68744769982,petrochem_olefins
PT,decarbo-eu,2033,488060.4064046959,0.0194,9468.3718842511,petrochem_olefins
PT,decarbo-eu,2034,451085.7389471563,0.0192,8660.8461877854,petrochem_olefins
PT,decarbo-eu,2035,414111.07148961653,0.019,7868.110358302714,petrochem_olefins
PT,decarbo-eu,2036,377136.40403207665,0.0188,7090.164395803041,petrochem_olefins
PT,decarbo-eu,2037,340161.736574537,0.018600000000000002,6327.008300286389,petrochem_olefins
PT,decarbo-eu,2038,303187.0691169972,0.0184,5578.642071752748,petrochem_olefins
PT,decarbo-eu,2039,266212.4016594576,0.0182,4845.065710202129,petrochem_olefins
PT,decarbo-eu,2040,229237.73420191774,0.018000000000000002,4126.2792156345195,petrochem_olefins
PT,decarbo-eu,2041,214567.0869258854,0.0178,3819.29414728076,petrochem_olefins
PT,decarbo-eu,2042,199896.439649853,0.0176,3518.1773378374132,petrochem_olefins
PT,decarbo-eu,2043,185225.79237382064,0.0174,3222.928787304479,petrochem_olefins
PT,decarbo-eu,2044,170555.14509778842,0.017200000000000003,2933.5484956819614,petrochem_olefins
PT,decarbo-eu,2045,155884.4978217561,0.017,2650.036462969854,petrochem_olefins
PT,decarbo-eu,2046,141213.85054572372,0.016800000000000002,2372.392689168159,petrochem_olefins
PT,decarbo-eu,2047,126543.20326969138,0.0166,2100.617174276877,petrochem_olefins
PT,decarbo-eu,2048,111872.55599365901,0.0164,1834.709918296008,petrochem_olefins
PT,decarbo-eu,2049,97201.90871762673,0.016200000000000003,1574.6709212255535,petrochem_olefins
PT,decarbo-eu,2050,82531.26144159437,0.016,1320.5001830655099,petrochem_olefins
RO,decarbo-eu,2019,0.0,0.02,0.0,petrochem_olefins
RO,decarbo-eu,2020,0.0,0.02,0.0,petrochem_olefins
RO,decarbo-eu,2021,0.0,0.02,0.0,petrochem_olefins
RO,decarbo-eu,2022,0.0,0.02,0.0,petrochem_olefins
RO,decarbo-eu,2023,0.0,0.02,0.0,petrochem_olefins
RO,decarbo-eu,2024,0.0,0.02,0.0,petrochem_olefins
RO,decarbo-eu,2025,0.0,0.02,0.0,petrochem_olefins
RO,decarbo-eu,2026,0.0,0.02,0.0,petrochem_olefins
RO,decarbo-eu,2027,0.0,0.02,0.0,petrochem_olefins
RO,decarbo-eu,2028,0.0,0.02,0.0,petrochem_olefins
RO,decarbo-eu,2029,0.0,0.02,0.0,petrochem_olefins
RO,decarbo-eu,2030,0.0,0.02,0.0,petrochem_olefins
RO,decarbo-eu,2031,0.0,0.0198,0.0,petrochem_olefins
RO,decarbo-eu,2032,0.0,0.0196,0.0,petrochem_olefins
RO,decarbo-eu,2033,0.0,0.0194,0.0,petrochem_olefins
RO,decarbo-eu,2034,0.0,0.0192,0.0,petrochem_olefins
RO,decarbo-eu,2035,0.0,0.019,0.0,petrochem_olefins
RO,decarbo-eu,2036,0.0,0.0188,0.0,petrochem_olefins
RO,decarbo-eu,2037,0.0,0.018600000000000002,0.0,petrochem_olefins
RO,decarbo-eu,2038,0.0,0.0184,0.0,petrochem_olefins
RO,decarbo-eu,2039,0.0,0.0182,0.0,petrochem_olefins
RO,decarbo-eu,2040,0.0,0.018000000000000002,0.0,petrochem_olefins
RO,decarbo-eu,2041,0.0,0.0178,0.0,petrochem_olefins
RO,decarbo-eu,2042,0.0,0.0176,0.0,petrochem_olefins
RO,decarbo-eu,2043,0.0,0.0174,0.0,petrochem_olefins
RO,decarbo-eu,2044,0.0,0.017200000000000003,0.0,petrochem_olefins
RO,decarbo-eu,2045,0.0,0.017,0.0,petrochem_olefins
RO,decarbo-eu,2046,0.0,0.016800000000000002,0.0,petrochem_olefins
RO,decarbo-eu,2047,0.0,0.0166,0.0,petrochem_olefins
RO,decarbo-eu,2048,0.0,0.0164,0.0,petrochem_olefins
RO,decarbo-eu,2049,0.0,0.016200000000000003,0.0,petrochem_olefins
RO,decarbo-eu,2050,0.0,0.016,0.0,petrochem_olefins
SE,decarbo-eu,2019,748642.6428571427,0.02,14972.852857142854,petrochem_olefins
SE,decarbo-eu,2020,748642.6428571427,0.02,14972.852857142854,petrochem_olefins
SE,decarbo-eu,2021,748642.6428571427,0.02,14972.852857142854,petrochem_olefins
SE,decarbo-eu,2022,748642.6428571427,0.02,14972.852857142854,petrochem_olefins
SE,decarbo-eu,2023,748642.6428571427,0.02,14972.852857142854,petrochem_olefins
SE,decarbo-eu,2024,748642.6428571427,0.02,14972.852857142854,petrochem_olefins
SE,decarbo-eu,2025,709590.3270867084,0.02,14191.806541734168,petrochem_olefins
SE,decarbo-eu,2026,670538.0113162742,0.02,13410.760226325483,petrochem_olefins
SE,decarbo-eu,2027,631485.69554584,0.02,12629.7139109168,petrochem_olefins
SE,decarbo-eu,2028,592433.3797754055,0.02,11848.66759550811,petrochem_olefins
SE,decarbo-eu,2029,553381.0640049713,0.02,11067.621280099425,petrochem_olefins
SE,decarbo-eu,2030,514328.748234537,0.02,10286.57496469074,petrochem_olefins
SE,decarbo-eu,2031,482579.78423621925,0.0198,9555.079727877142,petrochem_olefins
SE,decarbo-eu,2032,450830.8202379013,0.0196,8836.284076662865,petrochem_olefins
SE,decarbo-eu,2033,419081.8562395834,0.0194,8130.188011047918,petrochem_olefins
SE,decarbo-eu,2034,387332.8922412657,0.0192,7436.791531032301,petrochem_olefins
SE,decarbo-eu,2035,355583.9282429479,0.019,6756.09463661601,petrochem_olefins
SE,decarbo-eu,2036,323834.96424462984,0.0188,6088.0973277990415,petrochem_olefins
SE,decarbo-eu,2037,292086.000246312,0.018600000000000002,5432.799604581403,petrochem_olefins
SE,decarbo-eu,2038,260337.03624799417,0.0184,4790.201466963093,petrochem_olefins
SE,decarbo-eu,2039,228588.07224967636,0.0182,4160.30291494411,petrochem_olefins
SE,decarbo-eu,2040,196839.10825135847,0.018000000000000002,3543.103948524453,petrochem_olefins
SE,decarbo-eu,2041,184241.8928001674,0.0178,3279.50569184298,petrochem_olefins
SE,decarbo-eu,2042,171644.6773489763,0.0176,3020.946321341983,petrochem_olefins
SE,decarbo-eu,2043,159047.46189778528,0.0174,2767.425837021464,petrochem_olefins
SE,decarbo-eu,2044,146450.24644659425,0.017200000000000003,2518.9442388814214,petrochem_olefins
SE,decarbo-eu,2045,133853.03099540318,0.017,2275.5015269218543,petrochem_olefins
SE,decarbo-eu,2046,121255.81554421214,0.016800000000000002,2037.0977011427642,petrochem_olefins
SE,decarbo-eu,2047,108658.60009302107,0.0166,1803.7327615441498,petrochem_olefins
SE,decarbo-eu,2048,96061.38464183,0.0164,1575.406708126012,petrochem_olefins
SE,decarbo-eu,2049,83464.16919063896,0.016200000000000003,1352.1195408883514,petrochem_olefins
SE,decarbo-eu,2050,70866.95373944791,0.016,1133.8712598311665,petrochem_olefins
SI,decarbo-eu,2019,1827.357142857143,0.02,36.54714285714286,petrochem_olefins
SI,decarbo-eu,2020,1827.357142857143,0.02,36.54714285714286,petrochem_olefins
SI,decarbo-eu,2021,1827.357142857143,0.02,36.54714285714286,petrochem_olefins
SI,decarbo-eu,2022,1827.357142857143,0.02,36.54714285714286,petrochem_olefins
SI,decarbo-eu,2023,1827.357142857143,0.02,36.54714285714286,petrochem_olefins
SI,decarbo-eu,2024,1827.357142857143,0.02,36.54714285714286,petrochem_olefins
SI,decarbo-eu,2025,1827.357142857143,0.02,36.54714285714286,petrochem_olefins
SI,decarbo-eu,2026,1827.357142857143,0.02,36.54714285714286,petrochem_olefins
SI,decarbo-eu,2027,1827.357142857143,0.02,36.54714285714286,petrochem_olefins
SI,decarbo-eu,2028,1827.357142857143,0.02,36.54714285714286,petrochem_olefins
SI,decarbo-eu,2029,1827.357142857143,0.02,36.54714285714286,petrochem_olefins
SI,decarbo-eu,2030,1827.357142857143,0.02,36.54714285714286,petrochem_olefins
SI,decarbo-eu,2031,1827.357142857143,0.0198,36.181671428571434,petrochem_olefins
SI,decarbo-eu,2032,1827.357142857143,0.0196,35.8162,petrochem_olefins
SI,decarbo-eu,2033,1827.357142857143,0.0194,35.45072857142857,petrochem_olefins
SI,decarbo-eu,2034,1827.357142857143,0.0192,35.08525714285714,petrochem_olefins
SI,decarbo-eu,2035,1827.357142857143,0.019,34.71978571428571,petrochem_olefins
SI,decarbo-eu,2036,1827.357142857143,0.0188,34.35431428571429,petrochem_olefins
SI,decarbo-eu,2037,1827.357142857143,0.018600000000000002,33.98884285714286,petrochem_olefins
SI,decarbo-eu,2038,1827.357142857143,0.0184,33.62337142857143,petrochem_olefins
SI,decarbo-eu,2039,1827.357142857143,0.0182,33.2579,petrochem_olefins
SI,decarbo-eu,2040,1827.357142857143,0.018000000000000002,32.892428571428574,petrochem_olefins
SI,decarbo-eu,2041,1827.357142857143,0.0178,32.52695714285714,petrochem_olefins
SI,decarbo-eu,2042,1827.357142857143,0.0176,32.16148571428572,petrochem_olefins
SI,decarbo-eu,2043,1827.357142857143,0.0174,31.796014285714286,petrochem_olefins
SI,decarbo-eu,2044,1827.357142857143,0.017200000000000003,31.430542857142864,petrochem_olefins
SI,decarbo-eu,2045,1827.357142857143,0.017,31.065071428571432,petrochem_olefins
SI,decarbo-eu,2046,1827.357142857143,0.016800000000000002,30.699600000000004,petrochem_olefins
SI,decarbo-eu,2047,1827.357142857143,0.0166,30.33412857142857,petrochem_olefins
SI,decarbo-eu,2048,1827.357142857143,0.0164,29.968657142857147,petrochem_olefins
SI,decarbo-eu,2049,1827.357142857143,0.016200000000000003,29.60318571428572,petrochem_olefins
SI,decarbo-eu,2050,1827.357142857143,0.016,29.237714285714286,petrochem_olefins
SK,decarbo-eu,2019,241071.42857142864,0.02,4821.4285714285725,petrochem_olefins
SK,decarbo-eu,2020,241071.42857142864,0.02,4821.4285714285725,petrochem_olefins
SK,decarbo-eu,2021,241071.42857142864,0.02,4821.4285714285725,petrochem_olefins
SK,decarbo-eu,2022,241071.42857142864,0.02,4821.4285714285725,petrochem_olefins
SK,decarbo-eu,2023,241071.42857142864,0.02,4821.4285714285725,petrochem_olefins
SK,decarbo-eu,2024,241071.42857142864,0.02,4821.4285714285725,petrochem_olefins
SK,decarbo-eu,2025,241071.42857142864,0.02,4821.4285714285725,petrochem_olefins
SK,decarbo-eu,2026,241071.42857142864,0.02,4821.4285714285725,petrochem_olefins
SK,decarbo-eu,2027,241071.42857142864,0.02,4821.4285714285725,petrochem_olefins
SK,decarbo-eu,2028,241071.42857142864,0.02,4821.4285714285725,petrochem_olefins
SK,decarbo-eu,2029,241071.42857142864,0.02,4821.4285714285725,petrochem_olefins
SK,decarbo-eu,2030,241071.42857142864,0.02,4821.4285714285725,petrochem_olefins
SK,decarbo-eu,2031,241071.42857142864,0.0198,4773.214285714287,petrochem_olefins
SK,decarbo-eu,2032,241071.42857142864,0.0196,4725.000000000001,petrochem_olefins
SK,decarbo-eu,2033,241071.42857142864,0.0194,4676.785714285716,petrochem_olefins
SK,decarbo-eu,2034,241071.42857142864,0.0192,4628.571428571429,petrochem_olefins
SK,decarbo-eu,2035,241071.42857142864,0.019,4580.357142857144,petrochem_olefins
SK,decarbo-eu,2036,241071.42857142864,0.0188,4532.142857142859,petrochem_olefins
SK,decarbo-eu,2037,241071.42857142864,0.018600000000000002,4483.928571428573,petrochem_olefins
SK,decarbo-eu,2038,241071.42857142864,0.0184,4435.714285714287,petrochem_olefins
SK,decarbo-eu,2039,241071.42857142864,0.0182,4387.500000000002,petrochem_olefins
SK,decarbo-eu,2040,241071.42857142864,0.018000000000000002,4339.285714285716,petrochem_olefins
SK,decarbo-eu,2041,241071.42857142864,0.0178,4291.071428571429,petrochem_olefins
SK,decarbo-eu,2042,241071.42857142864,0.0176,4242.857142857144,petrochem_olefins
SK,decarbo-eu,2043,241071.42857142864,0.0174,4194.642857142858,petrochem_olefins
SK,decarbo-eu,2044,241071.42857142864,0.017200000000000003,4146.428571428573,petrochem_olefins
SK,decarbo-eu,2045,241071.42857142864,0.017,4098.214285714287,petrochem_olefins
SK,decarbo-eu,2046,241071.42857142864,0.016800000000000002,4050.000000000002,petrochem_olefins
SK,decarbo-eu,2047,241071.42857142864,0.0166,4001.7857142857156,petrochem_olefins
SK,decarbo-eu,2048,241071.42857142864,0.0164,3953.57142857143,petrochem_olefins
SK,decarbo-eu,2049,241071.42857142864,0.016200000000000003,3905.3571428571445,petrochem_olefins
SK,decarbo-eu,2050,241071.42857142864,0.016,3857.1428571428582,petrochem_olefins
